id,city,birthyear,grief,rage,control,numb,secrecy,obsession,compassion,trauma,envy,chaos,revenge
1,Hyderabad,1983,1,1,3,3,4,1,2,1,1,1,1
2,Ahmedabad,2020,1,1,1,1,2,2,3,1,1,3,2
3,Ahmedabad,1984,2,1,2,3,4,1,3,1,1,1,1
4,Gurugram,1981,2,1,3,2,2,2,1,1,2,2,2
5,Kolkata,1995,2,2,3,2,2,1,3,3,1,1,1
6,Gurugram,2017,0,2,2,0,1,3,1,1,1,4,2
7,Jaipur,1976,4,2,2,3,3,2,2,3,1,1,1
8,Hyderabad,2017,0,1,2,1,2,2,3,1,1,3,0
9,Pune,2019,1,0,2,1,1,3,3,1,2,2,1
10,Delhi,1970,2,2,3,1,3,2,2,2,1,0,2
11,Ahmedabad,1990,1,1,2,2,4,2,3,2,1,1,3
12,Mumbai,1976,2,2,2,3,2,2,1,2,2,1,2
13,Gurugram,1987,2,1,4,1,3,2,2,1,2,3,3
14,Noida,1981,2,2,3,3,3,2,1,2,2,1,2
15,Noida,2009,1,4,2,2,2,2,1,2,4,3,3
16,Pune,1999,1,2,2,2,2,2,2,1,3,1,2
17,Chennai,1987,3,2,3,2,4,3,2,3,1,1,1
18,Pune,1970,2,1,2,2,1,1,3,2,1,0,1
19,Ahmedabad,1971,3,0,2,3,2,1,4,2,1,1,2
20,Chennai,2011,1,2,1,1,3,3,2,2,2,2,2
21,Jaipur,1983,3,2,2,4,2,2,2,2,2,1,1
22,Delhi,2020,1,2,1,1,1,3,2,1,2,3,2
23,Kolkata,1976,4,1,2,3,2,1,2,2,1,2,1
24,Hyderabad,1997,1,2,2,3,3,3,1,0,3,1,2
25,Bangalore,1974,3,2,2,1,2,2,3,2,0,1,1
26,Bangalore,1973,2,1,2,2,1,2,4,2,1,0,0
27,Delhi,2000,1,4,3,1,3,2,0,1,3,1,4
28,Noida,2018,1,2,2,1,1,2,2,1,2,3,2
29,Pune,1998,1,2,2,1,1,2,3,2,2,1,3
30,Noida,1999,2,3,2,2,2,2,1,2,3,3,3
31,Chennai,1974,3,1,1,2,2,1,3,4,1,0,1
32,Delhi,2016,1,2,2,1,2,1,2,1,2,3,2
33,Jaipur,1977,3,2,2,3,3,3,2,3,2,1,1
34,Hyderabad,2017,1,1,1,2,1,3,3,0,1,2,1
35,Kolkata,1996,2,1,3,2,2,1,3,3,2,0,1
36,Bangalore,2014,1,2,2,1,1,3,2,1,3,3,2
37,Gurugram,2011,1,3,2,1,1,3,0,1,3,4,2
38,Jaipur,1985,3,2,2,3,3,3,2,3,2,1,1
39,Pune,1986,1,2,3,1,3,2,3,1,2,1,1
40,Mumbai,1979,2,3,2,3,2,2,1,2,2,3,1
41,Chennai,2006,1,2,1,2,3,3,2,2,3,2,2
42,Delhi,1993,2,3,4,1,4,2,1,1,2,0,2
43,Chennai,1970,4,0,1,1,2,2,3,3,0,0,1
44,Noida,2018,1,2,2,1,2,3,2,1,2,3,2
45,Chennai,2001,2,2,1,1,3,4,2,2,2,1,2
46,Chennai,1988,3,2,2,0,3,3,2,3,1,1,1
47,Noida,1975,2,2,3,2,3,1,1,2,3,2,2
48,Jaipur,1995,3,1,3,2,3,3,2,2,2,1,2
49,Kolkata,1984,3,2,3,4,2,1,3,3,1,0,1
50,Pune,2015,1,1,1,0,1,2,4,0,1,2,0
51,Jaipur,1994,3,2,2,2,2,3,2,2,1,2,1
52,Pune,1983,2,1,2,2,2,1,3,2,2,0,1
53,Bangalore,1993,1,2,4,2,2,2,2,1,1,1,2
54,Jaipur,1995,2,2,2,2,3,4,1,3,2,1,1
55,Mumbai,1970,2,2,1,2,0,2,2,2,2,2,1
56,Mumbai,2018,0,2,0,2,1,2,2,0,1,4,2
57,Jaipur,2011,3,4,1,2,2,3,0,2,3,2,2
58,Mumbai,1972,3,2,1,2,1,1,2,3,3,1,1
59,Bangalore,2019,0,1,2,0,1,3,3,1,1,2,1
60,Pune,1984,2,1,3,2,3,2,3,2,1,1,1
61,Chennai,2007,2,3,1,1,3,3,2,2,2,2,1
62,Mumbai,1973,3,2,1,1,1,1,3,2,2,2,1
63,Hyderabad,2008,1,2,2,2,2,3,2,1,3,2,1
64,Bangalore,1972,3,1,3,1,1,2,3,2,1,0,0
65,Jaipur,2000,2,3,1,2,2,3,1,3,4,2,2
66,Gurugram,2013,0,3,2,1,1,3,1,0,3,4,3
67,Gurugram,1976,2,1,3,2,3,2,1,2,1,2,2
68,Pune,2020,0,0,2,1,1,2,3,0,1,2,0
69,Mumbai,1971,3,2,1,2,0,2,2,2,2,1,1
70,Hyderabad,2014,1,2,1,2,2,3,2,1,3,2,1
71,Delhi,1973,2,3,2,2,2,1,2,3,2,1,2
72,Hyderabad,2015,1,0,2,2,1,2,3,0,1,2,0
73,Jaipur,1974,4,1,1,3,2,1,3,3,2,1,0
74,Ahmedabad,2002,2,1,2,3,3,3,3,1,2,1,3
75,Chennai,2003,1,2,2,1,2,3,2,3,3,2,2
76,Chennai,1991,3,1,2,2,3,3,2,2,1,1,1
77,Gurugram,2009,1,2,2,1,1,3,1,1,3,4,3
78,Mumbai,2006,1,3,1,1,2,2,1,1,4,4,4
79,Jaipur,2010,2,4,1,2,1,3,1,2,3,3,2
80,Chennai,1974,3,0,1,1,3,2,4,3,0,1,0
81,Gurugram,2010,1,3,2,1,1,3,0,1,2,3,3
82,Mumbai,2003,1,3,1,2,1,3,0,1,4,3,3
83,Chennai,1984,3,1,2,3,4,3,2,4,1,0,1
84,Mumbai,1982,2,3,2,3,2,2,1,2,2,2,2
85,Chennai,1976,2,1,2,2,4,2,3,3,1,0,1
86,Jaipur,1989,2,1,2,2,3,3,2,2,2,1,1
87,Noida,1980,2,2,3,3,3,2,2,2,2,3,2
88,Gurugram,2009,1,3,3,1,1,4,0,2,2,3,3
89,Ahmedabad,2019,1,1,0,2,1,2,4,1,0,2,2
90,Chennai,1979,2,1,4,3,4,2,2,4,1,1,1
91,Kolkata,1974,4,1,2,2,1,0,4,4,1,0,0
92,Kolkata,2020,2,0,0,2,0,1,3,1,1,2,0
93,Hyderabad,2009,1,2,1,3,2,3,2,1,3,2,3
94,Bangalore,2020,0,1,2,0,0,3,3,0,1,2,1
95,Ahmedabad,1999,2,2,2,3,3,2,3,1,2,2,3
96,Kolkata,2012,2,3,1,3,1,2,2,2,3,2,2
97,Ahmedabad,2015,2,0,0,1,1,2,4,0,1,2,2
98,Mumbai,1983,2,3,2,3,2,2,1,2,2,2,2
99,Mumbai,2012,1,4,0,2,1,3,0,2,3,4,3
100,Pune,1971,3,1,2,2,2,1,4,2,1,1,0
101,Gurugram,2015,1,1,2,1,1,3,2,0,2,4,1
102,Chennai,2016,1,1,1,1,3,3,3,3,1,2,1
103,Noida,1978,2,2,3,3,3,1,2,2,3,1,2
104,Bangalore,1995,1,1,4,1,2,3,3,1,2,1,0
105,Jaipur,1990,2,2,2,2,3,3,2,3,2,2,1
106,Gurugram,1981,1,1,4,3,3,2,2,2,1,2,2
107,Jaipur,1982,4,2,2,2,3,2,2,2,2,1,1
108,Noida,2016,0,3,2,1,0,2,2,1,3,3,2
109,Delhi,2018,1,2,2,0,3,2,1,1,1,2,2
110,Noida,1970,3,2,2,3,2,0,2,3,3,3,1
111,Hyderabad,1995,1,1,4,3,3,3,2,1,2,1,2
112,Pune,1971,3,1,2,2,1,1,4,3,1,0,0
113,Noida,1971,3,2,1,2,2,1,2,3,2,2,3
114,Ahmedabad,2003,2,2,1,2,3,2,3,1,3,1,3
115,Mumbai,1988,2,3,2,2,2,2,1,1,3,3,2
116,Kolkata,2015,2,1,0,2,1,2,4,2,2,2,0
117,Bangalore,1994,1,1,3,1,2,2,4,1,2,1,1
118,Noida,1975,3,2,3,3,3,2,1,3,2,1,2
119,Hyderabad,2004,1,2,2,3,2,2,2,1,2,1,2
120,Chennai,1999,2,3,2,0,3,3,2,3,3,2,3
121,Pune,1996,2,2,3,1,3,2,3,2,2,1,2
122,Kolkata,1980,3,1,2,4,2,1,3,3,1,0,1
123,Gurugram,2006,0,2,3,1,2,3,1,1,3,2,3
124,Bangalore,1973,2,1,2,1,1,2,3,2,0,0,1
125,Bangalore,1981,2,1,4,2,3,3,1,2,1,1,2
126,Jaipur,2003,2,3,1,2,3,2,2,3,3,3,2
127,Jaipur,2005,2,3,1,3,3,3,2,2,3,2,2
128,Kolkata,1991,2,2,3,2,2,1,2,3,2,1,1
129,Pune,1999,1,1,2,1,2,2,2,1,3,1,2
130,Ahmedabad,2013,1,2,1,3,2,2,2,1,2,3,3
131,Jaipur,2006,2,2,1,2,2,3,1,3,3,1,2
132,Pune,2013,1,2,2,2,2,3,2,1,2,2,1
133,Bangalore,1981,2,1,3,2,3,2,2,1,1,1,1
134,Noida,1972,3,1,3,2,2,0,2,3,2,1,2
135,Hyderabad,2010,0,2,2,3,2,2,2,0,3,3,1
136,Mumbai,2016,1,1,0,1,1,3,1,1,2,3,1
137,Delhi,2013,1,3,1,0,3,2,0,1,3,3,3
138,Bangalore,2004,2,2,2,1,1,4,2,1,3,1,2
139,Mumbai,1983,2,2,2,3,2,2,1,2,2,2,2
140,Mumbai,2018,1,2,1,1,1,2,2,1,2,4,1
141,Mumbai,1970,2,2,1,2,1,1,2,2,2,2,2
142,Bangalore,1982,2,1,4,2,3,3,3,1,1,1,1
143,Gurugram,2003,1,2,3,1,1,3,0,1,3,3,3
144,Chennai,1997,2,2,1,2,3,4,2,3,2,2,2
145,Pune,1972,3,1,3,2,1,1,3,3,1,0,0
146,Noida,1995,2,3,3,2,3,1,2,2,2,2,2
147,Ahmedabad,2018,2,1,0,2,1,2,4,0,0,3,2
148,Bangalore,1988,1,2,3,1,3,3,2,1,1,1,1
149,Pune,1973,3,1,2,1,1,1,3,2,0,1,1
150,Chennai,1984,2,1,2,3,4,2,2,3,1,1,1
151,Gurugram,1973,3,2,3,1,1,2,2,3,1,1,2
152,Delhi,1987,1,3,4,1,3,2,1,1,2,1,3
153,Noida,1980,2,2,4,4,3,2,2,2,2,1,2
154,Kolkata,2000,3,2,1,2,2,2,2,2,3,2,2
155,Noida,1970,3,2,2,2,2,1,2,3,2,1,2
156,Hyderabad,1982,2,0,3,3,3,2,1,2,1,1,1
157,Chennai,2010,2,2,1,1,3,3,2,3,3,3,1
158,Gurugram,1975,2,2,4,3,2,2,1,1,0,2,2
159,Mumbai,1974,3,2,1,1,1,1,2,3,2,1,1
160,Pune,1999,1,2,2,2,1,3,2,2,3,2,2
161,Jaipur,1988,2,3,3,2,3,2,2,3,2,1,1
162,Ahmedabad,1978,2,0,2,3,4,1,3,1,0,0,1
163,Gurugram,2013,0,3,2,1,0,3,2,1,4,4,3
164,Gurugram,2009,1,3,1,1,2,3,1,1,3,3,3
165,Pune,2014,1,3,1,1,1,3,2,1,2,2,1
166,Gurugram,1986,2,2,4,1,2,2,1,1,1,2,3
167,Chennai,2006,2,2,1,2,2,3,2,3,2,1,2
168,Gurugram,1998,2,2,3,1,1,3,1,1,3,3,3
169,Chennai,2020,2,0,1,1,2,3,3,2,0,2,0
170,Chennai,1972,3,0,1,2,2,2,4,4,1,1,1
171,Chennai,1980,3,0,2,2,3,2,2,3,1,0,1
172,Hyderabad,1974,3,0,2,3,2,1,3,2,1,1,1
173,Delhi,1978,2,2,3,3,4,1,1,2,2,1,3
174,Noida,1973,3,1,2,2,2,1,2,3,2,1,2
175,Hyderabad,2012,1,3,1,2,2,2,1,1,2,2,2
176,Kolkata,2013,2,2,0,2,1,3,2,2,3,2,2
177,Bangalore,1971,3,1,3,1,1,2,3,3,1,1,1
178,Bangalore,1981,2,1,4,3,2,3,2,2,2,0,1
179,Ahmedabad,2006,2,2,2,2,3,1,2,2,3,2,4
180,Gurugram,2003,1,3,3,1,2,2,1,1,2,2,3
181,Hyderabad,2019,1,1,2,2,2,2,4,0,2,2,0
182,Gurugram,2003,1,2,3,1,1,3,0,1,3,3,3
183,Kolkata,2015,2,1,1,2,0,1,3,2,1,3,0
184,Hyderabad,2016,1,1,2,2,1,2,2,1,0,2,0
185,Pune,1989,1,2,3,1,3,3,2,1,1,1,1
186,Delhi,2004,2,4,2,1,3,2,1,2,3,2,3
187,Chennai,1985,2,1,2,1,4,3,3,3,1,2,2
188,Kolkata,1975,3,1,2,4,2,2,3,3,1,1,1
189,Noida,2008,1,4,2,2,2,1,1,2,4,3,3
190,Ahmedabad,1994,3,1,2,2,4,2,3,2,1,1,2
191,Noida,1974,3,2,2,2,2,1,3,3,2,1,2
192,Pune,2019,0,1,1,0,1,3,4,1,1,2,1
193,Gurugram,1975,2,2,3,2,3,3,1,1,1,2,3
194,Bangalore,1973,3,0,2,2,1,2,3,2,0,1,1
195,Bangalore,2004,1,2,2,2,2,3,1,1,2,1,2
196,Kolkata,1989,3,1,2,2,2,1,3,2,1,1,1
197,Chennai,1974,2,1,0,2,2,2,4,4,0,1,1
198,Bangalore,1986,1,2,4,1,3,3,2,1,1,1,2
199,Jaipur,2014,1,3,0,2,1,3,1,2,3,3,1
200,Mumbai,2010,1,4,0,2,2,2,0,2,4,4,2
201,Mumbai,1981,2,2,2,3,2,1,1,2,2,2,2
202,Hyderabad,2001,2,2,2,3,2,3,2,1,3,2,2
203,Gurugram,2017,1,1,2,0,0,3,1,1,1,3,1
204,Jaipur,1976,3,2,2,4,3,2,2,2,2,0,1
205,Pune,1974,3,1,2,1,1,1,4,2,1,1,1
206,Jaipur,2016,1,2,0,2,1,3,2,2,2,3,0
207,Delhi,1998,1,3,2,1,3,1,0,1,3,2,3
208,Noida,1972,3,2,2,2,2,1,2,2,2,2,2
209,Hyderabad,1985,1,2,3,3,4,2,2,2,1,1,1
210,Pune,2014,2,2,1,1,0,2,2,1,3,2,1
211,Mumbai,1993,1,3,2,2,2,2,1,1,2,3,3
212,Delhi,1970,2,2,3,2,2,1,2,2,1,1,3
213,Noida,2009,1,3,2,2,2,2,1,2,3,2,4
214,Pune,1986,2,1,3,1,2,2,3,1,1,1,1
215,Gurugram,2003,1,2,2,1,2,3,1,1,2,4,3
216,Chennai,2011,2,1,1,1,2,3,2,2,2,2,2
217,Gurugram,2001,1,1,3,1,1,3,0,1,3,3,3
218,Bangalore,1982,2,1,4,2,2,3,2,2,1,0,1
219,Pune,1996,1,0,4,1,2,2,2,2,2,1,2
220,Gurugram,2005,1,3,3,1,1,3,1,0,3,3,3
221,Chennai,1971,3,0,1,2,2,2,3,4,1,0,1
222,Ahmedabad,2008,1,2,1,2,2,2,1,0,2,3,2
223,Noida,2018,1,2,2,1,1,2,2,2,2,3,2
224,Mumbai,1980,2,3,2,2,2,2,2,2,2,2,2
225,Pune,1970,2,1,2,0,1,2,4,2,2,0,0
226,Mumbai,1976,2,2,2,3,2,2,1,2,2,3,2
227,Hyderabad,1997,1,2,2,3,3,2,3,0,3,2,2
228,Chennai,2005,2,2,2,1,3,3,2,3,2,2,2
229,Pune,2014,1,2,1,1,1,2,2,1,2,2,2
230,Hyderabad,2011,1,2,1,2,2,2,1,1,2,2,2
231,Chennai,2000,2,1,1,1,3,3,2,1,2,2,3
232,Noida,1987,1,3,3,1,3,2,2,2,2,2,3
233,Hyderabad,2001,1,2,3,3,2,3,2,1,3,2,2
234,Jaipur,2018,1,1,0,2,1,3,2,2,1,2,0
235,Mumbai,1993,1,2,2,1,3,2,1,1,2,2,2
236,Mumbai,1994,0,3,2,2,3,2,1,1,2,1,2
237,Bangalore,2019,1,0,2,0,0,3,2,1,1,2,0
238,Noida,1979,2,2,3,3,3,1,1,2,2,1,2
239,Bangalore,1978,2,1,3,2,2,2,3,2,1,1,0
240,Chennai,2017,2,1,0,0,2,3,3,3,1,2,0
241,Mumbai,2013,0,3,0,2,1,3,0,1,3,4,3
242,Bangalore,1971,2,1,3,2,1,3,3,2,1,1,1
243,Hyderabad,2017,1,0,1,2,1,2,3,1,2,2,1
244,Ahmedabad,2018,1,1,0,1,2,2,3,1,1,3,2
245,Chennai,1970,3,0,1,1,2,2,3,3,1,0,0
246,Delhi,2013,2,3,2,2,2,2,1,1,3,3,3
247,Kolkata,2007,2,2,1,1,0,2,2,2,2,2,1
248,Mumbai,1988,1,3,2,2,2,2,2,2,2,2,2
249,Mumbai,2000,1,3,2,2,1,3,1,1,4,3,4
250,Chennai,1993,2,2,2,1,3,3,3,2,0,0,2
251,Mumbai,2002,2,3,1,2,2,3,1,1,3,3,3
252,Noida,1995,1,2,4,1,3,2,2,2,2,2,3
253,Ahmedabad,2008,1,3,2,2,2,2,2,1,2,3,3
254,Pune,1999,1,2,3,2,1,2,3,2,2,2,2
255,Kolkata,1987,3,1,2,2,2,2,2,2,2,1,1
256,Chennai,1991,2,1,3,1,4,3,3,3,1,1,2
257,Hyderabad,2010,1,2,2,2,2,2,2,1,3,2,2
258,Noida,1983,1,2,3,3,2,1,1,2,2,2,2
259,Noida,2017,1,2,2,1,1,2,2,1,3,4,1
260,Mumbai,2009,1,3,0,2,1,3,1,1,3,4,3
261,Ahmedabad,2017,1,1,1,2,2,3,4,1,1,3,2
262,Hyderabad,2011,1,3,2,2,2,2,2,1,3,2,2
263,Delhi,2019,1,2,1,1,2,2,3,1,2,2,3
264,Bangalore,2007,1,3,2,1,1,3,2,0,2,3,1
265,Chennai,1970,3,0,1,2,2,2,3,3,1,1,1
266,Pune,2000,1,1,2,1,2,2,2,1,2,2,2
267,Ahmedabad,1973,3,2,1,3,3,2,3,2,0,1,1
268,Kolkata,1977,3,1,2,3,2,2,3,3,1,1,0
269,Jaipur,1971,4,2,0,2,2,2,3,4,1,0,1
270,Kolkata,2020,2,1,1,1,1,2,3,2,1,2,1
271,Hyderabad,2015,1,1,1,2,2,2,3,0,1,2,1
272,Delhi,1982,1,2,3,2,3,2,2,1,2,1,3
273,Pune,1974,2,1,1,2,1,1,3,2,1,1,0
274,Bangalore,1976,2,1,3,3,2,3,3,1,1,1,1
275,Hyderabad,1988,1,2,3,3,3,2,2,2,1,1,2
276,Mumbai,2018,0,3,0,1,0,2,2,0,3,4,1
277,Bangalore,1998,1,2,2,1,1,3,2,1,3,1,2
278,Jaipur,1987,3,2,2,2,3,3,2,2,2,1,1
279,Mumbai,1986,1,3,2,2,3,3,1,1,2,2,2
280,Ahmedabad,1984,2,0,2,4,3,1,3,2,0,1,2
281,Jaipur,2012,3,3,0,2,1,2,1,2,3,3,1
282,Ahmedabad,1981,2,1,2,4,3,1,3,2,1,0,2
283,Bangalore,1999,1,3,3,1,1,3,2,1,3,2,2
284,Chennai,1973,3,0,2,1,3,1,3,4,1,1,1
285,Bangalore,2017,1,1,2,1,1,3,3,1,1,2,1
286,Gurugram,2009,0,3,2,1,1,3,1,1,3,3,3
287,Chennai,2004,2,1,2,2,3,3,2,3,2,2,2
288,Kolkata,1971,3,1,1,3,1,0,4,4,1,0,0
289,Bangalore,1974,2,1,3,1,1,2,3,2,1,0,1
290,Noida,1972,3,2,2,1,2,1,2,2,2,2,2
291,Noida,2000,1,3,3,3,2,2,1,2,4,2,3
292,Ahmedabad,1979,2,1,3,4,3,1,2,2,1,1,2
293,Hyderabad,1979,2,1,3,4,4,2,2,1,1,1,1
294,Hyderabad,1978,2,2,3,4,3,2,3,1,1,1,1
295,Chennai,1972,3,1,1,1,2,2,3,4,0,1,1
296,Hyderabad,1973,2,1,2,3,2,1,3,3,2,0,0
297,Noida,2016,1,2,1,1,1,2,2,1,2,3,1
298,Kolkata,1996,3,2,2,2,3,2,3,3,1,1,1
299,Mumbai,1974,3,2,1,1,1,1,2,3,2,1,2
300,Delhi,2006,1,2,3,2,3,2,1,1,3,1,3
301,Hyderabad,1984,2,1,3,3,4,1,2,2,0,0,1
302,Kolkata,1985,2,1,3,2,2,1,3,2,1,2,0
303,Hyderabad,2011,0,2,3,2,2,3,2,1,1,3,1
304,Kolkata,2002,3,1,1,2,2,2,2,2,2,2,2
305,Ahmedabad,1997,1,2,1,3,3,2,3,1,2,2,3
306,Noida,1985,1,2,3,1,3,3,2,3,2,2,3
307,Chennai,2008,1,2,1,1,3,3,2,2,3,2,2
308,Jaipur,1971,3,1,1,2,2,3,3,4,1,2,1
309,Noida,2020,1,2,2,1,1,3,2,1,3,4,2
310,Jaipur,1988,3,3,2,2,3,2,1,2,2,1,2
311,Jaipur,1971,4,2,2,3,2,2,3,3,2,1,1
312,Hyderabad,2002,1,1,2,2,3,2,2,1,3,2,2
313,Jaipur,2011,2,3,0,2,1,3,1,3,3,3,1
314,Gurugram,1987,1,2,4,1,2,3,1,1,2,3,3
315,Kolkata,2011,2,2,0,2,1,3,2,2,3,2,1
316,Kolkata,1973,3,0,2,3,1,0,4,4,1,1,0
317,Bangalore,1999,1,2,2,2,2,3,2,1,2,1,2
318,Chennai,1975,3,1,2,2,4,2,3,2,1,1,1
319,Ahmedabad,1979,2,1,3,3,4,2,3,2,1,1,2
320,Bangalore,2018,0,1,2,1,1,3,3,1,1,3,0
321,Mumbai,2017,0,3,1,1,0,2,2,1,2,4,2
322,Delhi,1987,2,2,3,0,4,2,1,2,2,0,2
323,Chennai,1972,3,1,1,1,3,2,4,3,1,1,1
324,Jaipur,1998,2,3,1,2,2,3,2,3,3,2,2
325,Ahmedabad,2009,1,3,0,2,2,2,2,1,2,3,2
326,Hyderabad,1989,1,2,3,2,4,3,3,1,2,0,1
327,Chennai,1984,3,1,2,2,3,3,2,4,1,1,1
328,Hyderabad,1987,1,1,3,2,3,2,3,1,0,1,1
329,Gurugram,1985,1,2,4,1,3,3,1,0,2,2,2
330,Delhi,2020,1,2,2,1,2,2,1,1,2,2,2
331,Gurugram,1975,2,2,3,3,3,2,1,1,1,2,3
332,Chennai,1972,3,1,2,2,3,2,3,4,0,0,1
333,Gurugram,2012,1,3,2,1,1,3,1,2,2,3,3
334,Jaipur,1994,2,2,2,3,3,3,3,3,2,1,1
335,Mumbai,1994,1,3,2,2,2,2,1,1,1,3,2
336,Chennai,1977,2,1,3,3,4,2,3,3,2,1,0
337,Gurugram,2020,1,2,2,0,1,3,1,0,1,4,2
338,Jaipur,1998,2,3,1,2,2,3,2,3,3,2,2
339,Pune,2008,1,2,2,1,1,2,2,1,3,2,1
340,Hyderabad,2003,1,2,2,2,3,2,1,0,2,1,1
341,Hyderabad,2015,1,0,2,2,2,2,3,0,0,3,0
342,Kolkata,2019,2,1,1,2,0,1,3,1,1,2,0
343,Delhi,1987,1,3,4,1,3,2,1,1,1,1,2
344,Delhi,1999,1,4,2,1,3,1,0,1,4,2,4
345,Kolkata,1996,3,2,3,2,2,2,4,3,1,1,1
346,Kolkata,1989,3,2,2,2,3,1,3,3,1,1,1
347,Jaipur,2016,2,2,0,1,1,2,3,2,2,2,0
348,Pune,1987,2,2,3,1,2,2,2,1,1,1,1
349,Delhi,1970,2,2,3,1,2,1,3,3,1,1,2
350,Noida,2019,1,2,2,1,1,2,2,1,3,4,2
351,Bangalore,1978,2,2,3,2,3,3,3,1,1,0,1
352,Chennai,1972,3,1,2,2,2,1,3,4,1,0,0
353,Pune,2007,1,3,2,1,1,2,2,1,2,2,2
354,Mumbai,1986,2,3,2,2,2,2,2,2,2,2,1
355,Chennai,2005,2,1,1,2,2,2,2,3,2,1,2
356,Delhi,1995,1,2,3,1,3,2,1,1,2,1,2
357,Chennai,1999,2,2,1,2,3,3,2,3,3,2,2
358,Kolkata,2008,2,2,1,2,1,2,2,2,2,3,2
359,Chennai,2018,1,0,0,1,2,3,3,2,1,2,0
360,Delhi,1988,1,3,4,1,4,2,1,1,3,1,4
361,Kolkata,1998,2,1,2,3,2,2,2,2,2,1,2
362,Jaipur,1978,3,2,2,4,3,2,2,3,2,2,1
363,Delhi,2000,1,3,3,1,2,2,1,1,3,2,3
364,Kolkata,2007,2,2,0,2,0,2,2,3,2,2,1
365,Delhi,1988,1,3,4,1,4,2,1,2,2,1,3
366,Mumbai,1975,2,3,2,2,2,2,2,2,2,2,2
367,Ahmedabad,1975,3,1,2,4,3,2,3,2,1,1,2
368,Bangalore,1995,1,1,4,0,2,3,3,1,1,1,1
369,Kolkata,1989,3,1,2,3,2,2,3,2,1,1,1
370,Pune,2001,1,1,2,2,2,3,2,1,3,1,2
371,Delhi,1976,1,2,3,2,3,1,2,1,2,1,2
372,Gurugram,1995,1,2,4,1,3,3,1,0,1,1,2
373,Delhi,2008,1,4,2,1,2,3,0,1,4,2,2
374,Delhi,1986,1,3,3,2,3,2,1,2,3,1,3
375,Mumbai,2000,1,3,1,2,2,3,2,1,3,3,2
376,Ahmedabad,1976,3,1,2,3,3,1,3,1,1,1,1
377,Hyderabad,1988,1,1,3,2,4,2,1,1,1,0,1
378,Mumbai,2009,0,3,1,1,2,4,0,0,3,4,2
379,Noida,1999,1,3,3,2,3,2,0,2,4,3,4
380,Ahmedabad,1976,2,1,2,4,4,2,3,2,1,1,2
381,Bangalore,1987,1,1,4,1,2,3,3,1,1,1,1
382,Delhi,1972,3,2,2,1,2,1,2,3,1,1,3
383,Ahmedabad,1984,3,1,2,3,4,2,2,2,1,1,2
384,Bangalore,2001,1,2,3,1,2,3,2,1,2,2,2
385,Bangalore,1980,2,1,3,2,3,2,2,1,1,0,1
386,Noida,1995,1,3,3,2,3,1,2,1,3,1,2
387,Hyderabad,1986,1,1,4,2,3,2,3,2,1,0,2
388,Delhi,2020,0,2,2,1,2,2,1,1,2,3,2
389,Noida,2015,1,2,2,1,1,2,3,2,2,3,1
390,Ahmedabad,1970,3,1,1,3,3,1,4,3,0,1,1
391,Bangalore,1972,2,1,2,2,1,2,3,2,0,0,0
392,Mumbai,1993,1,2,1,2,2,2,2,1,2,3,1
393,Gurugram,1975,1,1,4,2,3,2,1,1,2,2,2
394,Delhi,2018,0,2,1,0,2,1,2,1,2,2,3
395,Jaipur,2000,2,3,1,3,2,3,1,2,3,1,2
396,Mumbai,1975,2,2,3,2,2,2,1,1,2,1,2
397,Kolkata,1975,3,1,2,3,3,2,3,3,1,1,0
398,Kolkata,1988,3,1,2,1,3,2,3,3,1,1,2
399,Ahmedabad,1994,2,1,2,2,4,2,3,1,1,1,2
400,Noida,1975,2,2,4,2,4,2,1,2,2,1,2
401,Mumbai,1992,1,3,2,2,2,3,2,1,3,2,2
402,Hyderabad,1986,2,1,3,3,3,2,2,2,1,1,1
403,Hyderabad,1998,2,2,2,3,2,1,2,1,2,1,3
404,Hyderabad,1980,2,1,2,3,4,2,3,1,1,1,1
405,Jaipur,2009,2,3,1,2,2,3,1,2,3,3,1
406,Gurugram,2013,1,2,2,1,2,4,0,1,3,4,3
407,Noida,1972,3,2,2,2,2,1,2,3,2,1,2
408,Chennai,1978,3,1,2,2,4,3,2,4,1,0,1
409,Mumbai,1974,2,2,2,2,1,1,3,3,2,3,2
410,Hyderabad,2008,1,2,1,3,2,2,2,2,3,2,2
411,Hyderabad,1981,2,2,3,3,3,2,3,2,1,0,1
412,Noida,2009,1,4,2,2,2,2,1,1,3,3,3
413,Ahmedabad,2008,1,2,1,2,3,2,2,1,2,2,2
414,Bangalore,1981,2,0,4,2,3,3,2,1,2,1,2
415,Ahmedabad,1991,2,1,2,2,4,2,3,2,1,1,2
416,Gurugram,2012,1,3,3,2,1,4,1,1,2,3,2
417,Gurugram,1972,2,2,2,2,1,2,2,2,1,3,2
418,Pune,1972,2,2,2,1,1,2,4,2,1,1,0
419,Hyderabad,2020,1,0,1,2,1,2,3,1,1,2,1
420,Kolkata,2016,1,0,0,2,0,2,4,2,1,2,1
421,Mumbai,2013,1,3,1,1,1,2,0,1,3,4,2
422,Gurugram,1984,2,1,4,3,2,3,1,1,2,2,2
423,Hyderabad,1970,3,2,2,3,2,2,3,2,1,1,1
424,Jaipur,2019,2,2,1,2,0,2,3,2,1,3,1
425,Kolkata,1997,2,1,2,2,1,2,2,2,3,2,2
426,Kolkata,2019,1,1,1,2,1,1,4,2,1,2,0
427,Mumbai,1974,2,2,1,2,1,1,3,3,2,2,1
428,Mumbai,1981,2,3,1,2,2,2,1,2,3,3,2
429,Gurugram,1998,1,3,2,1,1,3,1,1,3,3,3
430,Chennai,1978,2,1,2,2,4,2,3,3,1,1,1
431,Chennai,2013,2,1,1,1,2,3,1,3,2,2,2
432,Chennai,2009,2,2,0,1,2,3,2,2,3,3,2
433,Chennai,2013,1,2,0,1,2,3,1,2,1,2,2
434,Hyderabad,1991,2,1,4,3,3,2,2,1,1,1,2
435,Chennai,1970,3,0,1,1,2,1,3,4,0,1,1
436,Mumbai,2010,0,4,0,2,1,3,0,1,4,3,2
437,Bangalore,2000,0,2,3,1,1,3,2,2,2,2,2
438,Kolkata,2001,2,1,1,2,1,2,3,2,2,2,1
439,Pune,2005,1,2,2,2,2,3,3,1,3,1,2
440,Jaipur,2016,1,2,0,1,1,3,2,2,1,3,0
441,Bangalore,1998,1,2,3,2,2,4,2,1,2,2,2
442,Jaipur,1974,3,2,0,3,2,2,2,4,2,0,0
443,Noida,2009,2,4,2,2,2,1,1,2,3,4,3
444,Gurugram,2002,1,3,2,1,1,4,1,1,3,2,4
445,Jaipur,1972,4,1,1,3,1,2,4,3,1,1,0
446,Jaipur,2005,2,2,1,2,2,3,1,2,4,2,2
447,Jaipur,1986,2,2,2,2,3,2,2,3,2,1,1
448,Delhi,2019,1,2,1,1,2,2,2,1,2,3,2
449,Gurugram,2004,1,2,3,2,2,3,1,1,3,3,4
450,Gurugram,1971,2,1,3,2,1,2,3,2,1,1,2
451,Jaipur,1975,4,2,2,3,3,2,2,4,2,2,1
452,Pune,1978,2,1,3,2,2,2,2,1,2,0,1
453,Kolkata,2009,2,2,1,2,0,2,3,2,3,2,1
454,Delhi,1989,1,3,4,1,3,1,1,2,2,2,3
455,Bangalore,1977,2,1,3,3,2,2,2,2,1,1,1
456,Jaipur,1978,3,2,2,4,3,2,2,3,2,0,1
457,Pune,2013,0,3,2,1,1,2,2,1,3,2,1
458,Gurugram,1973,2,2,3,1,1,2,3,2,1,1,1
459,Kolkata,1980,3,1,2,3,2,2,3,2,1,1,0
460,Kolkata,1974,4,1,2,2,1,1,4,4,1,1,0
461,Mumbai,2016,1,2,0,1,0,3,2,1,2,4,1
462,Delhi,1987,1,2,4,1,3,2,1,2,2,1,3
463,Jaipur,1978,3,2,2,3,3,3,2,3,2,1,1
464,Noida,1975,2,2,3,2,3,1,1,2,2,3,2
465,Kolkata,2019,2,1,1,2,0,2,4,2,1,2,0
466,Delhi,2008,2,3,2,2,2,2,0,1,3,2,3
467,Delhi,1997,2,3,3,2,3,2,1,1,4,1,4
468,Kolkata,2003,2,2,2,2,2,2,2,2,3,2,2
469,Hyderabad,2009,1,2,2,3,2,3,2,1,2,2,2
470,Hyderabad,1990,1,1,3,3,3,2,2,1,1,1,1
471,Kolkata,2013,2,2,0,2,1,1,2,2,2,3,1
472,Delhi,1981,2,2,3,3,4,1,1,2,2,0,3
473,Noida,1985,2,3,4,2,3,2,2,2,2,2,2
474,Mumbai,1987,0,2,2,2,2,3,1,2,2,2,2
475,Chennai,1984,2,1,2,2,4,2,2,3,1,0,1
476,Noida,1971,2,2,2,2,2,1,2,3,3,1,1
477,Noida,1996,2,3,3,2,3,2,1,1,3,2,2
478,Noida,2003,1,4,2,2,2,2,1,1,4,3,3
479,Jaipur,1985,3,3,2,3,2,3,2,2,2,1,1
480,Jaipur,1997,2,3,1,2,2,3,2,2,3,2,2
481,Jaipur,2008,2,4,1,2,2,3,1,2,3,2,2
482,Delhi,2001,1,4,3,1,2,2,1,1,3,2,3
483,Mumbai,2017,1,2,1,2,1,2,2,0,2,4,2
484,Kolkata,2011,2,2,1,2,1,2,2,2,2,2,2
485,Hyderabad,1970,2,1,2,2,2,1,3,2,1,0,1
486,Mumbai,2018,1,1,1,1,0,2,2,0,2,3,1
487,Mumbai,1982,2,2,1,3,2,1,2,1,3,2,2
488,Chennai,1978,3,1,2,3,4,2,3,3,1,2,2
489,Delhi,2002,1,3,2,1,2,2,0,1,3,2,3
490,Hyderabad,1997,1,1,3,3,2,2,2,1,3,2,2
491,Pune,2008,0,2,2,0,1,2,1,1,3,2,1
492,Jaipur,2017,1,1,1,2,1,3,3,2,2,3,1
493,Ahmedabad,2011,0,2,1,1,2,2,2,1,3,3,3
494,Delhi,2008,1,4,1,1,3,2,1,1,4,2,3
495,Kolkata,1985,3,1,3,2,2,2,2,2,2,2,1
496,Delhi,2006,1,3,2,1,3,2,1,1,3,2,3
497,Kolkata,2019,2,1,0,2,1,2,4,2,2,3,0
498,Kolkata,1996,2,1,2,1,2,2,2,3,1,1,1
499,Pune,2020,1,1,2,0,1,3,3,1,2,2,0
500,Pune,2013,1,2,2,1,1,2,2,1,3,2,1
501,Gurugram,2005,0,2,3,1,1,3,1,1,2,3,3
502,Delhi,2020,0,2,2,0,1,2,2,1,2,2,2
503,Kolkata,2018,2,1,1,2,1,2,3,2,1,2,1
504,Noida,2015,1,2,2,1,1,2,2,1,2,3,2
505,Ahmedabad,1981,2,1,2,3,4,2,3,2,1,1,1
506,Noida,2013,1,4,1,2,2,2,1,2,3,3,3
507,Gurugram,2006,1,3,2,1,1,3,1,1,2,3,4
508,Kolkata,1987,3,1,3,2,2,2,2,3,1,1,1
509,Noida,1976,2,3,2,3,3,1,1,2,3,2,2
510,Ahmedabad,1978,2,1,2,4,4,1,3,2,1,1,2
511,Bangalore,2020,0,1,2,1,1,3,3,0,2,3,1
512,Hyderabad,2012,0,3,1,3,2,3,2,1,3,2,1
513,Chennai,1971,4,1,1,1,3,2,4,3,1,1,1
514,Mumbai,1997,0,3,1,2,1,3,1,1,3,4,3
515,Chennai,1986,2,2,2,1,4,3,2,3,1,1,1
516,Ahmedabad,2017,1,0,0,2,2,2,4,1,1,2,2
517,Bangalore,1999,1,2,3,1,2,4,2,1,3,2,2
518,Delhi,1993,1,3,4,1,4,2,1,2,2,2,2
519,Noida,1975,2,3,3,2,3,2,1,2,3,2,2
520,Mumbai,1984,1,3,2,2,2,3,1,1,2,2,1
521,Chennai,1987,2,2,2,1,4,3,2,2,1,1,1
522,Gurugram,1977,2,2,3,2,3,2,2,2,1,1,2
523,Pune,2007,1,3,2,1,1,3,2,2,3,2,2
524,Chennai,1981,2,1,2,2,4,2,2,3,1,0,2
525,Kolkata,1974,3,1,1,3,1,0,4,3,1,1,1
526,Jaipur,2020,1,2,0,2,1,4,3,2,1,3,1
527,Pune,2003,1,3,2,2,2,3,2,2,2,1,2
528,Bangalore,1997,1,2,3,1,2,3,2,1,3,1,2
529,Jaipur,1984,3,1,2,4,3,2,2,2,2,2,1
530,Delhi,1971,2,2,2,2,2,1,3,2,2,1,2
531,Jaipur,1974,3,2,1,2,2,1,3,4,1,0,1
532,Mumbai,2013,1,4,1,1,1,3,1,0,4,4,1
533,Jaipur,1997,3,3,1,2,2,3,1,2,3,2,2
534,Chennai,1972,2,0,1,2,2,2,3,4,1,1,1
535,Pune,2020,1,2,1,0,1,2,3,1,1,3,1
536,Kolkata,2016,2,1,1,1,0,2,3,2,1,2,0
537,Delhi,2004,1,3,3,1,3,1,1,1,3,2,3
538,Mumbai,2003,1,3,1,2,1,2,1,1,3,3,3
539,Ahmedabad,2008,2,2,1,2,2,2,1,1,2,3,3
540,Kolkata,2015,1,1,0,2,1,1,3,1,2,3,1
541,Bangalore,2001,0,2,2,1,2,4,2,1,3,1,2
542,Bangalore,1974,3,0,3,2,1,2,3,2,1,0,1
543,Bangalore,2020,0,1,2,0,1,3,3,1,1,3,1
544,Hyderabad,2014,1,2,2,3,3,3,1,1,2,2,2
545,Delhi,1997,1,3,2,1,3,2,1,2,4,2,4
546,Noida,1977,2,2,3,3,3,2,1,2,2,1,2
547,Hyderabad,1974,3,0,2,2,2,1,3,3,1,1,1
548,Pune,1970,3,0,2,1,1,1,3,3,1,0,0
549,Jaipur,2011,2,3,1,3,2,3,1,2,3,3,2
550,Delhi,1984,3,3,4,3,4,2,1,2,2,1,2
551,Delhi,1998,1,3,3,1,2,2,1,2,3,2,4
552,Hyderabad,1984,2,1,3,4,3,2,2,1,0,1,1
553,Gurugram,2003,1,2,2,1,1,3,1,1,2,3,3
554,Mumbai,1978,2,3,2,2,3,2,2,1,3,3,2
555,Pune,2017,1,0,1,1,0,3,3,1,1,2,0
556,Noida,2007,1,4,2,1,2,3,1,1,3,3,3
557,Kolkata,2002,2,2,1,2,2,2,3,3,3,2,2
558,Bangalore,1973,3,0,3,2,1,3,3,3,1,1,1
559,Mumbai,1970,3,1,1,1,1,1,2,2,2,2,2
560,Chennai,2019,1,1,1,1,2,3,3,2,1,2,1
561,Bangalore,1993,1,1,4,1,2,3,2,1,2,1,1
562,Noida,2006,2,3,2,2,2,2,0,2,3,3,3
563,Pune,1974,3,1,2,2,1,2,4,3,0,1,0
564,Ahmedabad,2015,1,0,1,2,1,2,4,1,1,3,2
565,Bangalore,2000,1,2,3,1,2,3,2,1,2,1,2
566,Kolkata,1990,3,1,2,2,2,2,2,2,2,0,1
567,Gurugram,1973,3,1,3,2,1,2,2,2,1,2,2
568,Chennai,2012,2,2,1,1,2,2,2,2,2,2,2
569,Chennai,2018,1,1,0,1,2,2,3,2,1,2,1
570,Noida,1978,2,2,4,3,2,1,2,2,3,1,3
571,Delhi,1970,1,1,3,1,2,1,2,3,2,0,2
572,Delhi,2014,1,3,2,2,2,2,1,2,3,2,3
573,Ahmedabad,1971,2,1,1,3,2,1,4,3,1,1,1
574,Mumbai,2000,0,4,1,2,2,3,1,1,3,3,3
575,Chennai,2012,2,2,2,1,2,4,2,2,2,2,2
576,Noida,2018,1,2,2,0,1,2,2,1,2,4,2
577,Delhi,1978,2,3,3,2,3,1,2,2,2,0,3
578,Hyderabad,1981,2,1,3,4,3,2,3,2,1,2,1
579,Kolkata,2018,2,0,1,1,0,1,3,2,1,2,1
580,Jaipur,1980,3,2,2,3,3,3,2,3,3,1,1
581,Chennai,2015,1,1,1,0,2,4,3,2,0,2,0
582,Mumbai,2020,1,2,1,1,0,3,2,1,2,3,1
583,Ahmedabad,2013,2,2,1,2,3,2,2,1,2,2,3
584,Ahmedabad,2001,1,2,1,2,3,2,2,1,3,2,3
585,Ahmedabad,2020,1,0,0,1,2,2,4,1,1,3,1
586,Kolkata,1992,2,1,3,2,2,1,2,2,1,1,1
587,Hyderabad,1998,1,2,2,3,3,2,2,1,2,2,2
588,Jaipur,2016,2,1,1,3,1,3,2,2,2,3,0
589,Mumbai,2009,0,4,1,2,0,3,0,1,4,3,2
590,Delhi,1972,2,1,2,1,2,1,1,3,1,1,2
591,Bangalore,1974,2,1,3,1,1,2,4,2,0,1,1
592,Pune,2002,1,2,3,1,1,3,3,1,3,1,2
593,Gurugram,1980,2,2,3,3,3,2,1,1,1,2,3
594,Ahmedabad,1995,2,1,3,2,4,2,3,2,1,1,2
595,Pune,2016,1,1,2,0,1,2,4,2,1,2,0
596,Delhi,2015,1,2,2,1,2,2,2,1,2,2,3
597,Chennai,1988,2,1,3,1,3,3,3,2,2,0,1
598,Jaipur,1981,3,2,2,4,3,2,1,3,2,0,1
599,Jaipur,1970,3,2,1,2,1,2,3,4,1,1,1
600,Ahmedabad,1998,2,2,1,2,3,2,3,1,2,2,3
601,Mumbai,1990,2,2,2,1,2,2,1,1,3,2,2
602,Delhi,1974,2,2,2,0,2,1,2,2,1,1,2
603,Chennai,1973,3,1,0,1,2,2,4,4,0,0,1
604,Bangalore,2013,1,3,1,1,1,3,1,1,2,3,2
605,Gurugram,2014,1,3,3,1,2,3,0,1,3,3,3
606,Noida,1970,2,2,2,2,2,1,2,2,3,1,2
607,Bangalore,1970,2,1,3,2,1,2,4,2,0,1,0
608,Delhi,1976,2,2,4,2,3,2,1,2,1,1,2
609,Jaipur,2008,2,3,1,2,1,3,1,2,3,2,1
610,Jaipur,1985,2,2,2,2,3,2,2,3,1,1,2
611,Delhi,2020,1,2,2,1,1,2,2,1,2,3,2
612,Chennai,2007,2,3,0,1,3,3,2,2,2,2,2
613,Ahmedabad,2007,2,2,1,2,3,2,2,1,2,2,3
614,Gurugram,1987,1,2,4,1,3,3,1,1,1,3,3
615,Gurugram,1986,1,2,4,1,3,3,1,1,1,2,2
616,Gurugram,2008,1,2,2,1,1,3,0,2,3,3,3
617,Noida,2017,1,3,2,0,1,2,2,1,3,3,2
618,Hyderabad,1980,2,1,3,4,4,1,2,2,1,0,2
619,Noida,2017,0,2,2,1,1,2,2,2,3,3,2
620,Mumbai,2008,0,4,1,2,1,2,0,1,2,4,2
621,Noida,1975,2,2,3,3,3,1,1,2,2,2,2
622,Delhi,2002,1,2,2,1,2,2,1,1,4,2,3
623,Pune,2012,1,2,1,1,1,2,2,1,3,2,2
624,Delhi,1997,1,3,3,1,3,3,0,1,3,2,3
625,Mumbai,1975,2,2,3,3,2,2,1,2,2,2,3
626,Hyderabad,2007,0,3,2,2,1,2,1,2,2,2,2
627,Mumbai,1977,2,2,2,3,2,3,2,2,3,2,1
628,Noida,2013,1,3,1,1,1,3,1,1,4,3,3
629,Noida,2009,1,4,1,2,2,3,0,1,4,3,3
630,Hyderabad,2013,1,2,1,3,1,2,2,1,2,2,2
631,Noida,2013,1,4,1,1,2,2,1,1,4,3,3
632,Hyderabad,2011,1,2,2,3,2,2,1,1,2,2,2
633,Chennai,1982,2,1,2,3,4,2,3,2,1,1,0
634,Gurugram,1978,1,1,4,2,2,3,2,2,1,1,2
635,Pune,1989,1,1,2,1,2,2,3,2,1,1,1
636,Bangalore,1990,1,2,4,1,3,3,2,2,2,1,1
637,Mumbai,2002,1,3,2,2,2,3,1,2,4,3,3
638,Noida,2014,1,4,2,2,2,2,0,1,3,3,3
639,Kolkata,2006,2,2,1,3,1,1,2,2,2,2,1
640,Noida,1982,1,3,3,3,3,1,2,2,2,1,1
641,Kolkata,1980,4,1,3,3,2,1,3,3,1,1,2
642,Bangalore,1974,2,1,2,1,1,1,3,2,1,0,1
643,Mumbai,2003,1,3,1,1,2,3,1,1,3,3,3
644,Noida,1990,1,2,3,2,3,2,2,2,2,2,2
645,Kolkata,1996,2,1,2,2,2,2,3,3,2,1,1
646,Hyderabad,2008,1,2,1,2,2,2,2,1,2,2,2
647,Noida,1995,2,2,4,1,3,3,2,2,2,2,3
648,Pune,2010,1,2,1,1,1,2,2,1,4,2,2
649,Gurugram,1974,2,1,2,2,1,2,2,3,2,2,2
650,Pune,1992,1,1,3,1,2,2,2,2,2,1,1
651,Bangalore,1973,2,1,3,2,1,2,3,3,1,0,1
652,Pune,1972,2,1,2,2,1,1,4,2,1,1,0
653,Pune,1986,2,1,4,1,2,2,2,1,2,1,1
654,Hyderabad,2008,2,2,2,2,3,3,1,1,3,3,2
655,Noida,1988,1,3,3,2,3,2,1,2,3,2,3
656,Pune,1974,3,1,2,1,1,2,4,3,2,1,1
657,Jaipur,1970,4,2,2,3,2,2,3,3,2,1,0
658,Noida,1992,2,2,3,1,3,2,1,2,3,2,2
659,Delhi,2013,2,3,1,2,2,2,1,1,3,3,4
660,Pune,2004,1,1,3,1,1,2,2,1,2,1,3
661,Delhi,1990,1,3,4,1,4,1,1,2,2,2,3
662,Ahmedabad,1993,2,1,2,2,4,2,3,1,1,1,2
663,Noida,2011,0,4,1,1,2,2,1,2,4,3,3
664,Ahmedabad,2016,1,1,1,1,2,2,3,1,1,2,1
665,Delhi,1981,1,3,3,2,3,0,1,2,2,1,2
666,Bangalore,2010,1,3,2,2,1,4,1,2,2,2,1
667,Gurugram,2017,1,1,2,0,1,3,2,1,1,3,1
668,Delhi,1977,1,3,4,2,4,2,1,2,2,1,2
669,Kolkata,1978,3,1,2,3,2,0,2,3,1,1,1
670,Kolkata,1970,4,1,1,3,2,1,3,4,1,1,0
671,Ahmedabad,2015,1,1,1,1,2,2,3,1,1,2,2
672,Jaipur,2017,1,1,1,2,1,3,3,2,2,3,1
673,Ahmedabad,1979,2,1,2,3,3,1,3,2,1,1,2
674,Gurugram,1974,2,1,3,1,1,2,2,2,0,3,2
675,Delhi,2018,1,2,2,1,2,2,2,1,1,2,2
676,Mumbai,1994,0,3,2,2,3,3,2,1,2,2,2
677,Delhi,1996,2,2,4,1,4,2,1,2,2,1,3
678,Kolkata,2003,3,1,1,2,1,2,2,2,3,2,3
679,Noida,1979,2,2,3,3,4,2,1,2,2,2,3
680,Bangalore,1975,2,1,3,3,2,3,1,1,1,1,1
681,Gurugram,1988,1,1,3,1,2,3,2,1,0,2,2
682,Pune,2009,1,3,1,1,2,2,2,1,2,2,2
683,Ahmedabad,2005,2,2,2,3,3,2,3,1,2,1,3
684,Mumbai,1972,2,2,1,2,1,1,3,2,2,1,1
685,Ahmedabad,1986,1,1,2,2,4,2,3,1,1,1,2
686,Mumbai,1971,2,2,1,2,0,1,2,3,2,3,2
687,Kolkata,2007,2,2,0,3,1,2,3,2,2,3,2
688,Gurugram,1973,2,0,3,1,2,2,2,2,1,2,2
689,Bangalore,1994,1,1,3,1,2,3,2,0,1,0,1
690,Chennai,2015,2,1,1,1,2,4,4,2,1,2,1
691,Ahmedabad,2005,1,2,1,3,2,2,2,2,3,2,3
692,Jaipur,1970,4,1,1,3,2,2,2,3,2,1,1
693,Jaipur,2006,2,2,1,2,2,4,2,2,3,2,2
694,Ahmedabad,1971,3,1,2,3,2,1,3,3,1,1,1
695,Pune,1994,2,2,3,1,2,1,3,2,2,0,1
696,Bangalore,1972,2,0,2,1,1,3,4,2,0,0,0
697,Jaipur,1999,3,3,1,3,2,3,2,3,3,2,2
698,Chennai,1989,2,2,3,1,4,3,3,3,1,1,1
699,Kolkata,2013,3,2,0,1,1,2,1,2,3,2,1
700,Delhi,2019,0,2,2,1,2,2,2,0,2,2,2
701,Ahmedabad,2020,0,0,1,1,1,2,3,1,1,3,1
702,Gurugram,2013,1,3,2,1,1,3,0,1,3,4,3
703,Pune,1995,2,1,3,1,2,2,2,1,1,0,1
704,Jaipur,1987,2,2,3,3,3,3,2,2,2,1,1
705,Pune,1972,2,0,2,1,1,0,3,3,1,1,1
706,Hyderabad,2002,1,3,2,2,2,2,2,1,2,1,2
707,Delhi,2018,0,2,2,0,2,2,2,1,2,3,2
708,Delhi,1996,1,2,4,1,3,1,2,1,3,1,2
709,Gurugram,2006,1,2,3,1,2,3,1,1,3,4,3
710,Noida,1981,1,2,3,4,4,2,3,2,3,2,2
711,Ahmedabad,1971,3,0,2,3,2,1,4,3,1,0,2
712,Gurugram,2017,0,2,2,1,0,2,2,1,1,4,2
713,Chennai,1970,3,1,2,1,2,2,4,4,1,0,0
714,Hyderabad,1999,0,1,2,3,3,2,2,1,2,1,2
715,Chennai,1971,3,0,2,2,3,2,4,4,1,0,1
716,Bangalore,2004,0,2,2,1,2,3,2,2,3,2,2
717,Delhi,2006,2,4,2,1,3,2,1,1,3,1,3
718,Pune,2015,0,0,1,0,0,2,4,1,2,3,1
719,Jaipur,2002,2,3,1,3,2,3,1,2,4,2,2
720,Delhi,1995,1,3,3,1,4,1,1,1,2,1,2
721,Noida,2017,1,2,2,1,2,2,2,1,2,2,2
722,Bangalore,1972,2,1,3,1,1,2,3,2,1,1,2
723,Jaipur,1972,3,2,1,2,2,1,3,4,2,0,0
724,Chennai,2008,2,3,1,1,3,3,2,2,2,2,2
725,Chennai,1992,3,1,2,1,4,2,2,3,1,1,1
726,Kolkata,1973,4,0,1,3,1,1,4,3,0,1,0
727,Delhi,1980,2,3,3,2,4,1,1,1,2,1,3
728,Bangalore,1971,2,1,3,1,1,2,4,2,1,1,0
729,Bangalore,2020,0,1,1,0,1,4,2,0,1,3,0
730,Kolkata,1973,4,1,1,3,1,1,3,4,1,1,1
731,Bangalore,1995,1,2,3,2,3,3,2,1,1,1,1
732,Kolkata,1970,4,0,2,3,1,1,4,3,1,1,1
733,Noida,1991,2,2,3,2,3,2,2,2,2,2,2
734,Ahmedabad,1971,3,0,2,3,3,1,4,2,0,0,2
735,Pune,1985,1,1,3,0,3,2,3,0,2,1,1
736,Pune,1976,2,1,3,2,2,2,3,2,1,0,1
737,Pune,2010,1,3,1,1,1,2,2,1,2,2,1
738,Delhi,2002,1,3,2,1,3,2,0,1,3,1,2
739,Gurugram,1989,1,2,4,1,3,3,1,1,1,2,3
740,Kolkata,1971,3,0,1,2,1,1,4,3,1,1,0
741,Ahmedabad,1998,2,2,1,3,3,2,2,1,2,2,3
742,Ahmedabad,2018,1,1,1,2,2,2,3,0,1,3,2
743,Ahmedabad,2001,1,1,1,2,3,3,3,1,3,1,3
744,Noida,2006,0,3,2,2,2,2,2,2,3,3,3
745,Bangalore,1971,2,2,3,1,1,3,3,2,1,1,1
746,Gurugram,2006,1,2,3,2,1,3,1,1,3,3,4
747,Noida,1973,3,2,2,2,2,1,2,2,2,2,2
748,Ahmedabad,1987,2,1,3,2,3,2,3,1,1,1,2
749,Ahmedabad,1981,2,1,3,3,4,1,3,2,1,1,2
750,Noida,1990,1,2,4,2,4,2,1,2,3,2,3
751,Jaipur,2017,2,1,0,2,1,2,3,1,2,2,0
752,Pune,2008,1,3,1,1,1,3,2,0,3,2,2
753,Ahmedabad,1974,3,0,2,2,3,1,3,2,1,1,1
754,Kolkata,2020,2,1,1,2,1,2,3,2,0,2,0
755,Noida,2001,2,3,3,2,3,2,1,1,4,3,3
756,Hyderabad,1977,2,0,3,3,3,2,3,1,1,1,1
757,Bangalore,1988,1,1,4,0,3,3,2,1,2,1,2
758,Pune,1973,2,1,2,1,1,1,3,3,1,0,1
759,Kolkata,1971,4,0,1,3,1,0,3,3,0,0,0
760,Hyderabad,2011,1,2,2,2,2,3,2,1,2,3,1
761,Delhi,1997,2,2,2,1,3,2,0,2,3,2,3
762,Gurugram,1998,1,2,3,1,2,3,1,1,3,4,4
763,Bangalore,2015,0,0,2,1,1,4,3,0,1,2,1
764,Pune,1982,1,1,3,3,3,2,3,2,2,1,1
765,Jaipur,2017,1,2,1,2,1,3,3,2,1,3,0
766,Gurugram,1990,1,1,4,1,2,3,1,1,1,2,3
767,Kolkata,1977,3,1,2,3,3,1,3,3,1,1,1
768,Noida,1972,2,2,2,1,2,1,3,3,2,1,3
769,Pune,1985,2,1,4,1,2,2,2,2,2,1,2
770,Bangalore,1996,1,2,4,1,2,4,2,1,1,1,1
771,Ahmedabad,1977,3,1,2,3,4,1,2,2,1,1,2
772,Gurugram,1973,2,1,2,2,1,1,2,2,1,2,2
773,Chennai,2000,1,2,1,2,3,3,2,2,3,2,2
774,Gurugram,1971,2,1,2,1,0,2,3,2,0,2,2
775,Kolkata,1972,4,0,0,2,1,0,4,4,0,0,0
776,Pune,2016,0,1,1,1,0,2,3,1,2,3,0
777,Gurugram,1973,2,1,3,1,1,2,2,2,1,2,2
778,Chennai,1997,1,2,1,1,3,3,2,2,2,2,2
779,Bangalore,2009,1,2,2,1,1,3,2,1,2,2,1
780,Ahmedabad,1987,1,2,3,2,4,2,3,1,1,2,2
781,Jaipur,2015,2,1,1,1,1,3,3,2,1,2,1
782,Jaipur,1973,3,1,1,3,1,2,3,4,1,1,0
783,Chennai,2013,2,2,1,2,2,3,1,3,2,2,2
784,Kolkata,2009,3,3,0,3,1,2,2,3,3,2,2
785,Kolkata,2008,2,2,1,3,1,2,2,3,2,2,2
786,Bangalore,1989,1,1,4,1,3,4,2,1,2,1,1
787,Noida,1990,2,2,3,1,3,2,1,2,2,2,2
788,Ahmedabad,1971,3,0,1,3,2,1,4,2,1,1,1
789,Hyderabad,2014,1,2,1,3,2,3,2,1,2,2,2
790,Chennai,1989,2,1,2,1,4,2,2,3,1,0,2
791,Hyderabad,1998,1,2,2,3,2,2,2,1,2,2,2
792,Gurugram,1977,2,2,3,2,2,3,1,2,1,2,1
793,Noida,2008,0,4,2,2,2,2,0,1,4,3,3
794,Noida,2013,1,4,1,2,2,2,1,1,4,2,2
795,Pune,2010,1,2,2,1,1,2,2,2,2,3,1
796,Jaipur,1971,3,1,0,3,1,2,2,4,2,1,1
797,Pune,1992,2,1,4,1,2,2,2,1,1,0,1
798,Ahmedabad,2013,1,2,1,3,2,2,2,1,2,3,2
799,Gurugram,1980,1,2,4,2,3,3,2,1,0,2,2
800,Pune,2014,1,2,2,1,1,2,2,1,3,3,1
801,Jaipur,1993,3,2,2,2,3,3,2,2,1,2,1
802,Noida,1974,2,2,3,2,2,1,3,3,2,2,2
803,Jaipur,2000,3,2,1,2,2,3,1,2,4,2,2
804,Ahmedabad,1971,3,0,1,3,2,1,4,2,0,1,2
805,Mumbai,1972,2,2,2,2,2,1,2,2,2,2,2
806,Bangalore,1971,2,1,2,1,1,2,3,2,1,1,0
807,Gurugram,1986,1,1,4,1,3,3,1,1,1,2,2
808,Delhi,2007,1,4,2,0,2,2,1,2,3,1,3
809,Hyderabad,2002,2,2,2,2,2,3,1,1,3,1,2
810,Mumbai,2005,2,2,2,2,2,2,1,1,4,3,3
811,Hyderabad,2005,1,2,2,3,2,2,2,1,3,2,2
812,Delhi,1974,2,2,3,1,2,1,2,2,1,1,2
813,Gurugram,2019,1,1,2,1,1,3,2,1,1,3,1
814,Pune,2001,1,1,2,1,1,2,2,2,3,1,2
815,Pune,1971,3,0,2,1,1,1,3,2,1,1,1
816,Pune,2004,1,2,2,2,2,3,2,1,3,2,3
817,Noida,1997,1,3,2,1,2,2,1,1,4,3,4
818,Ahmedabad,1989,2,2,3,2,4,2,3,2,1,1,2
819,Delhi,2020,1,2,1,1,2,2,2,1,2,2,2
820,Jaipur,2016,1,1,1,2,1,3,2,1,1,2,1
821,Bangalore,1974,2,1,2,1,1,2,3,2,1,1,0
822,Ahmedabad,2000,2,1,1,3,2,2,3,1,2,2,3
823,Jaipur,1974,3,2,0,2,2,2,3,4,2,1,0
824,Gurugram,2012,1,3,2,1,1,4,1,1,3,4,3
825,Hyderabad,2011,1,2,2,2,2,2,1,1,2,2,2
826,Jaipur,1992,3,2,2,3,3,3,2,3,2,1,1
827,Pune,2017,1,0,1,1,0,2,4,1,1,2,1
828,Bangalore,1981,2,2,3,3,2,3,2,2,1,1,1
829,Kolkata,2018,1,1,1,2,1,3,4,1,0,3,1
830,Ahmedabad,1970,2,1,1,2,3,0,3,3,1,0,2
831,Kolkata,1976,4,1,3,3,2,1,3,3,1,1,1
832,Ahmedabad,1976,3,0,2,4,4,1,3,2,1,0,3
833,Pune,2001,1,2,2,1,1,2,2,1,3,2,2
834,Bangalore,2017,0,1,1,1,1,3,3,0,1,3,0
835,Mumbai,1979,2,2,1,3,2,2,1,2,2,2,2
836,Ahmedabad,1978,3,1,2,4,3,1,3,2,1,1,2
837,Gurugram,1984,2,2,4,2,2,3,1,1,1,1,3
838,Noida,1985,0,3,3,1,3,2,1,2,2,2,3
839,Jaipur,1977,3,1,2,3,3,2,2,3,2,2,1
840,Ahmedabad,1978,2,1,2,4,4,1,3,1,1,1,2
841,Jaipur,2014,2,3,1,3,1,3,1,2,3,3,2
842,Gurugram,2014,1,3,1,0,1,3,1,1,2,3,3
843,Gurugram,2015,1,2,2,1,1,3,1,0,1,4,2
844,Delhi,1976,2,2,4,2,4,2,1,2,2,1,2
845,Ahmedabad,1989,2,1,3,3,3,2,3,1,1,1,2
846,Ahmedabad,1973,3,0,1,3,2,1,4,3,1,1,2
847,Jaipur,2019,2,1,0,2,1,3,3,1,2,2,1
848,Kolkata,1973,4,1,1,2,1,0,4,4,1,1,0
849,Hyderabad,1984,1,1,3,3,4,2,3,1,1,1,2
850,Mumbai,2015,0,2,1,0,0,3,2,1,3,4,1
851,Mumbai,1992,1,3,2,1,2,2,1,1,3,2,2
852,Ahmedabad,1971,3,1,1,3,2,1,4,2,0,1,1
853,Pune,2000,1,3,2,1,1,2,2,1,3,2,2
854,Bangalore,2018,1,1,2,0,1,3,3,1,1,2,1
855,Delhi,2016,0,2,2,1,2,2,2,1,1,1,2
856,Mumbai,1978,2,2,2,3,2,3,2,1,2,3,1
857,Pune,1972,3,1,3,1,1,1,3,3,1,1,0
858,Bangalore,1971,2,0,3,2,1,2,3,3,1,0,1
859,Hyderabad,2016,1,0,1,3,2,2,3,0,1,2,1
860,Ahmedabad,1974,3,0,1,2,3,1,4,2,1,1,1
861,Kolkata,2018,2,1,1,2,1,2,4,1,1,2,0
862,Chennai,1986,2,1,3,1,3,2,2,3,1,1,2
863,Kolkata,2014,1,2,0,2,2,2,2,2,2,3,1
864,Gurugram,2004,1,2,2,1,2,3,1,1,3,3,3
865,Kolkata,2019,1,1,0,2,1,1,3,2,1,3,0
866,Jaipur,2018,2,2,1,2,1,3,2,1,2,2,1
867,Hyderabad,2010,1,3,2,3,2,3,2,1,2,3,2
868,Delhi,2014,1,3,2,1,2,2,0,1,4,2,3
869,Mumbai,2019,1,2,0,1,0,2,2,0,2,3,2
870,Hyderabad,2006,1,1,2,3,3,2,1,1,2,1,2
871,Gurugram,2019,0,1,3,0,0,3,2,0,1,4,2
872,Delhi,2019,1,2,2,1,2,2,2,0,1,3,1
873,Noida,1975,2,2,3,3,3,1,2,1,2,1,3
874,Hyderabad,1987,2,1,3,2,3,1,2,2,1,1,1
875,Pune,1980,2,1,3,2,3,2,2,2,1,0,1
876,Noida,2001,1,3,2,2,2,2,1,1,3,3,3
877,Mumbai,2013,0,3,1,2,1,3,1,2,3,4,2
878,Ahmedabad,2018,2,0,1,2,2,2,3,0,0,2,1
879,Mumbai,1972,2,2,0,2,1,1,2,2,2,2,2
880,Delhi,1994,2,2,3,1,4,2,1,2,2,1,2
881,Mumbai,1971,2,1,1,2,1,2,3,2,2,2,1
882,Hyderabad,2014,1,3,2,2,2,2,3,1,2,3,2
883,Kolkata,2002,3,1,2,2,1,2,2,3,2,2,2
884,Bangalore,2018,1,1,1,1,1,3,3,0,1,2,1
885,Ahmedabad,2008,2,2,0,2,2,2,2,1,3,3,3
886,Bangalore,2016,0,2,2,2,1,3,3,0,2,2,0
887,Ahmedabad,2012,2,2,1,2,3,2,2,1,2,2,3
888,Mumbai,1995,2,3,3,2,2,2,1,1,2,3,2
889,Pune,2015,0,1,2,0,1,2,3,1,1,3,0
890,Chennai,2011,1,2,1,1,3,3,2,2,3,2,2
891,Ahmedabad,1976,3,1,2,3,3,1,3,2,1,1,1
892,Gurugram,1989,2,3,3,1,3,3,2,1,1,2,3
893,Gurugram,1984,2,1,4,2,3,3,1,1,1,2,2
894,Chennai,2017,1,0,1,0,2,3,3,3,1,3,0
895,Gurugram,2007,0,3,3,1,0,3,0,1,2,4,3
896,Bangalore,2008,0,3,2,1,1,3,1,1,3,3,1
897,Gurugram,2005,0,3,3,1,1,2,1,1,3,3,3
898,Hyderabad,1989,1,1,3,2,4,2,2,1,2,1,1
899,Hyderabad,1982,2,1,3,4,3,2,2,1,1,1,2
900,Noida,1994,2,3,3,1,3,2,2,1,3,2,2
901,Ahmedabad,2016,1,0,1,2,1,2,3,1,1,2,2
902,Pune,1972,2,0,2,2,1,0,3,2,0,0,1
903,Bangalore,1972,2,2,3,1,1,3,4,2,1,1,0
904,Bangalore,1985,1,2,4,1,2,4,3,2,1,1,1
905,Delhi,1981,3,3,4,2,3,1,1,1,2,1,3
906,Jaipur,2020,1,1,1,2,1,3,2,2,1,2,0
907,Ahmedabad,2013,2,3,0,3,2,2,2,1,2,3,2
908,Kolkata,2010,2,2,1,2,1,2,2,2,2,3,2
909,Gurugram,2015,1,1,1,0,0,3,2,1,0,4,2
910,Hyderabad,2012,1,3,1,2,2,3,2,1,3,3,1
911,Pune,1971,2,1,3,1,2,1,4,3,1,1,1
912,Ahmedabad,1992,1,1,3,3,4,2,3,1,2,1,3
913,Delhi,1986,1,2,4,1,4,2,2,1,2,1,3
914,Jaipur,1996,2,2,3,2,4,2,1,3,1,1,2
915,Kolkata,2016,2,1,1,1,0,2,4,2,1,2,0
916,Mumbai,1994,1,3,2,2,2,3,1,1,3,2,2
917,Noida,1990,1,3,4,1,3,2,1,2,2,2,3
918,Noida,1980,2,3,3,4,3,2,1,2,2,2,2
919,Jaipur,2012,2,3,0,3,1,3,1,2,3,3,1
920,Mumbai,2016,1,2,0,1,1,3,2,2,2,4,1
921,Bangalore,2018,1,1,1,0,0,4,3,0,1,3,1
922,Mumbai,2015,1,1,0,1,1,2,2,1,2,3,1
923,Ahmedabad,1977,3,1,3,4,3,1,3,2,1,1,2
924,Hyderabad,1987,2,1,4,2,3,3,2,0,1,1,2
925,Kolkata,2015,1,1,1,2,0,2,3,2,1,3,1
926,Hyderabad,1990,2,2,3,2,3,2,2,2,1,1,1
927,Kolkata,2001,2,2,2,3,1,2,3,3,2,2,2
928,Delhi,1995,2,3,3,2,4,2,1,1,2,1,2
929,Chennai,2000,2,2,1,1,3,3,1,2,2,2,2
930,Pune,1971,3,0,2,1,1,1,3,3,1,0,1
931,Jaipur,1977,3,2,2,3,4,3,3,3,2,1,2
932,Chennai,1971,3,1,1,1,2,2,4,4,0,1,1
933,Ahmedabad,2020,2,0,1,2,2,2,3,1,1,3,1
934,Bangalore,1999,1,1,3,1,2,4,2,0,3,2,2
935,Mumbai,2017,1,2,0,1,1,3,2,1,3,4,2
936,Chennai,2002,1,1,2,2,3,3,3,2,2,2,2
937,Jaipur,2017,2,2,0,1,1,3,3,3,1,2,0
938,Kolkata,2013,2,3,1,2,1,2,2,2,3,2,2
939,Chennai,1972,3,1,2,2,2,2,4,3,1,0,1
940,Delhi,1981,2,3,3,2,4,1,1,2,2,1,2
941,Pune,2003,1,2,2,1,1,2,2,2,4,1,3
942,Noida,2019,1,2,2,1,2,2,2,1,2,3,2
943,Gurugram,2004,1,2,3,1,2,3,1,1,3,3,3
944,Pune,2001,1,1,2,1,1,2,2,2,3,2,2
945,Hyderabad,2019,1,1,1,3,1,2,3,0,0,1,1
946,Noida,1974,2,2,3,2,2,1,2,3,3,1,2
947,Hyderabad,1988,1,2,3,2,3,3,2,2,2,1,1
948,Pune,1990,2,1,3,1,2,2,2,1,2,1,1
949,Bangalore,2016,1,1,2,1,1,3,3,1,1,2,0
950,Jaipur,1976,3,2,2,4,3,2,2,3,2,1,1
951,Pune,1984,2,2,4,2,3,2,3,2,2,1,0
952,Jaipur,2003,2,3,2,2,2,3,1,2,3,1,1
953,Gurugram,2020,0,0,2,1,1,4,2,1,2,4,2
954,Bangalore,1983,2,2,3,3,2,2,3,2,2,0,1
955,Ahmedabad,2019,1,0,1,1,2,2,4,1,0,2,1
956,Gurugram,1985,1,2,4,1,2,3,2,1,2,2,2
957,Hyderabad,2001,1,2,1,3,3,2,2,1,2,1,2
958,Gurugram,1971,2,2,3,1,1,1,2,3,1,2,2
959,Hyderabad,1991,1,1,3,3,3,2,2,1,1,1,1
960,Mumbai,2015,0,2,0,1,1,3,2,0,2,3,2
961,Hyderabad,2020,1,1,1,2,2,2,3,1,1,2,1
962,Jaipur,1972,3,1,2,2,2,1,3,4,1,1,1
963,Pune,2018,1,1,1,1,0,2,4,0,1,2,1
964,Ahmedabad,1972,3,1,2,3,2,1,4,3,1,0,2
965,Bangalore,1995,1,2,3,1,2,3,3,1,1,1,1
966,Mumbai,1991,1,2,2,1,2,3,1,1,2,2,2
967,Chennai,1972,3,0,1,1,2,2,4,4,0,0,1
968,Hyderabad,2015,0,1,2,2,2,3,3,0,1,2,1
969,Delhi,2002,1,3,3,2,2,2,1,1,3,2,4
970,Chennai,1990,3,1,3,1,3,3,3,3,1,1,1
971,Noida,1974,2,2,2,2,2,1,2,3,2,2,1
972,Bangalore,1994,2,1,4,1,2,3,3,1,1,1,1
973,Kolkata,1975,3,1,2,3,3,1,3,2,2,1,1
974,Ahmedabad,2009,2,2,1,3,3,2,2,1,2,3,2
975,Kolkata,2020,2,1,1,1,0,2,3,2,1,2,1
976,Hyderabad,1984,2,1,3,3,4,2,3,1,1,1,1
977,Chennai,2015,1,0,0,0,2,3,3,2,0,2,1
978,Ahmedabad,1977,2,1,2,4,4,2,3,2,0,1,1
979,Chennai,2007,1,3,1,2,2,4,2,3,2,2,2
980,Gurugram,2010,1,3,2,1,1,3,1,1,2,2,2
981,Delhi,2012,1,4,1,1,2,2,1,1,3,2,3
982,Gurugram,1971,3,1,3,1,1,2,2,3,1,1,1
983,Pune,1993,1,2,3,1,2,2,3,1,1,1,1
984,Delhi,1973,3,1,2,1,2,1,3,3,1,0,2
985,Kolkata,2008,3,2,1,3,0,2,2,2,2,3,1
986,Mumbai,1992,2,2,3,1,3,2,1,2,2,2,2
987,Hyderabad,1994,1,2,3,2,3,3,2,1,2,0,1
988,Chennai,2007,2,2,1,1,2,3,2,3,2,2,2
989,Bangalore,1973,2,1,3,2,1,2,4,1,1,0,1
990,Hyderabad,1979,3,1,3,4,3,2,2,2,2,2,1
991,Delhi,2018,0,2,1,0,2,1,2,1,2,2,2
992,Jaipur,1980,4,2,2,3,2,3,2,3,2,1,1
993,Mumbai,1976,2,2,2,2,3,2,2,2,2,2,1
994,Gurugram,2016,1,2,3,1,1,3,2,0,1,3,2
995,Mumbai,1986,1,3,3,2,2,2,1,2,2,3,2
996,Delhi,1972,3,1,3,2,2,0,3,2,2,1,2
997,Bangalore,1972,2,1,3,1,1,2,3,3,0,1,1
998,Pune,2017,0,0,2,1,1,3,3,1,1,2,1
999,Kolkata,1973,4,1,2,2,1,1,3,4,1,1,0
1000,Delhi,2012,1,4,2,1,2,2,0,1,3,2,4
