id,city,birthyear,grief,rage,control,numb,secrecy,obsession,compassion,trauma,envy,chaos,revenge,Unnamed: 14
1,Gurugram,2007,1,0,4,3,0,0,0,1,0,0,0,
2,Delhi,2007,0,2,3,1,1,0,0,1,0,1,0,
3,Pune,2005,0,2,3,0,0,0,0,1,0,0,0,
4,delhi,2007,1,1,1,0,0,0,0,1,1,2,0,
5,Gurgaon ,1985,0,3,1,2,0,0,0,0,0,2,0,
6,delhi,2006,1,1,2,2,0,0,0,2,0,0,0,
7,Gurgaon ,2006,1,1,2,1,0,0,0,1,1,0,0,
8,Chennai,1986,3,0,3,4,2,2,1,1,4,0,2,
9,Gurgaon,1974,2,1,2,3,3,3,2,0,1,3,0,
10,delhi,1998,4,0,4,1,2,4,0,0,1,0,0,
11,Noida,1973,3,2,2,0,0,3,1,2,3,3,1,
12,Hyderabad,1979,1,2,0,1,0,0,3,0,0,1,3,
13,delhi,1986,1,2,0,4,2,0,3,2,3,2,2,
14,Mumbai,1979,0,1,0,1,1,0,0,2,3,1,4,
15,Chennai,1986,4,2,2,3,3,3,2,0,2,4,1,
16,Jaipur,1989,3,0,4,0,3,1,3,4,4,2,1,
17,Pune,1993,1,3,0,3,2,4,3,2,4,4,4,
18,Chennai,1974,4,3,4,0,1,3,4,0,4,1,4,
19,Noida,2003,0,4,2,4,0,1,1,4,0,3,4,
20,Noida,1975,2,0,4,0,4,1,2,2,2,4,0,
21,Hyderabad,1971,4,2,2,0,4,3,1,4,2,0,2,
22,Mumbai,1982,4,3,2,0,2,3,2,3,4,3,0,
23,Gurgaon,1980,2,0,3,1,1,1,3,3,3,3,2,
24,Hyderabad,1992,4,3,2,1,1,1,4,4,0,1,0,
25,Hyderabad,1985,0,2,2,4,3,1,1,2,3,1,3,
26,Pune,2000,0,3,1,0,0,3,3,0,1,2,2,
27,Bangalore,1980,2,4,0,2,1,1,2,1,2,2,1,
28,Mumbai,1985,3,4,3,4,4,0,1,0,2,0,2,
29,Delhi,1977,1,3,3,0,0,3,1,1,3,3,2,
30,Hyderabad,1973,3,0,3,0,0,0,3,1,0,0,2,
31,Ahmedabad,1973,4,0,1,1,2,2,1,2,2,0,3,
32,Gurgaon,1994,1,0,2,4,1,3,4,4,3,1,0,
33,Bangalore,1972,2,3,0,0,2,2,4,0,0,0,1,
34,Delhi,2001,2,0,4,0,1,1,3,4,3,0,0,
35,Ahmedabad,1972,1,2,2,4,3,1,2,3,0,4,0,
36,Mumbai,1996,0,4,1,2,2,4,3,2,4,2,4,
37,Gurugram,1998,1,2,2,4,2,1,4,2,0,2,3,
38,Ahmedabad,2001,4,0,2,4,4,2,0,3,1,3,4,
39,Jaipur,1988,0,2,1,2,2,1,0,0,4,2,3,
40,Bangalore,1990,2,0,3,4,1,3,1,3,3,3,0,
41,delhi,1974,1,3,3,0,4,1,1,0,4,4,0,
42,Ahmedabad,1987,3,2,0,4,2,4,0,1,4,2,3,
43,Kolkata,1997,3,3,0,2,2,1,4,2,3,4,0,
44,Gurugram,1991,4,3,3,3,3,2,1,0,3,2,0,
45,Noida,1990,3,1,4,4,2,2,3,4,1,2,1,
46,Noida,1975,1,0,2,1,0,1,3,4,3,4,4,
47,Jaipur,1970,1,4,4,0,4,2,4,2,2,0,4,
48,Ahmedabad,1974,3,0,2,0,0,2,1,3,2,0,4,
49,Ahmedabad,1981,1,4,3,1,4,4,3,3,1,0,2,
50,Gurgaon,1995,4,0,0,1,3,3,1,0,0,0,1,
51,Gurgaon,2003,0,3,0,4,2,4,1,3,0,2,4,
52,Gurgaon,1983,4,2,4,1,2,0,3,2,2,1,4,
53,Pune,1995,4,2,0,3,2,4,0,0,3,4,1,
54,Ahmedabad,1996,1,1,3,2,4,1,3,1,1,1,0,
55,Chennai,1978,0,4,4,1,2,3,4,3,0,1,4,
56,Gurgaon,1995,1,4,2,1,0,1,2,3,0,3,0,
57,Kolkata,1991,2,4,0,3,2,0,3,0,4,0,4,
58,Pune,1999,1,3,1,0,3,3,1,4,2,2,3,
59,Mumbai,1986,1,4,0,0,0,2,1,3,3,0,2,
60,Pune,1995,1,2,2,4,2,4,3,2,1,0,4,
61,Chennai,2005,0,3,4,3,2,1,2,3,0,1,3,
62,Mumbai,1970,1,0,2,2,1,0,3,1,4,3,1,
63,Kolkata,1977,0,4,1,2,4,2,2,3,2,0,3,
64,Chennai,2004,3,4,3,3,0,4,2,4,2,4,1,
65,Delhi,1984,2,0,0,2,1,2,4,3,1,4,4,
66,Gurgaon,1991,0,4,4,0,3,4,1,0,0,0,1,
67,Kolkata,1983,3,0,3,2,4,3,1,3,1,1,3,
68,Ahmedabad,1995,0,3,2,2,0,2,2,4,1,1,2,
69,Gurgaon,1997,0,2,4,3,2,2,1,0,4,2,0,
70,Delhi,1992,2,0,3,3,0,2,0,2,2,3,0,
71,Jaipur,1983,4,1,4,2,2,3,2,0,3,1,2,
72,Kolkata,1993,4,0,1,1,4,0,1,1,2,2,0,
73,Jaipur,1971,0,4,1,3,2,4,0,0,2,4,4,
74,Mumbai,1995,1,3,0,4,3,2,4,2,4,4,4,
75,Delhi,1983,3,3,0,4,2,3,1,3,3,4,3,
76,Gurgaon,1976,1,0,1,0,3,0,0,0,0,0,3,
77,Ahmedabad,1972,1,2,4,2,4,4,3,0,3,3,1,
78,Ahmedabad,1992,0,1,1,1,4,3,3,0,0,2,3,
79,Chennai,1987,0,3,0,0,0,4,0,0,3,3,4,
80,Ahmedabad,2007,0,4,1,2,3,2,2,2,1,0,3,
81,delhi,2004,0,4,1,3,3,0,2,4,3,2,0,
82,Hyderabad,1984,4,2,4,4,1,3,1,4,4,2,1,
83,Pune,1994,0,3,3,1,1,0,3,0,0,1,1,
84,Gurgaon,2006,4,0,0,4,1,2,2,2,2,3,4,
85,Gurugram,1997,4,4,4,3,2,0,2,2,4,3,3,
86,Gurgaon,1979,0,2,1,2,1,0,3,0,0,1,0,
87,Delhi,1986,2,3,1,3,3,1,4,1,0,4,3,
88,Hyderabad,1991,3,3,3,3,2,0,2,0,2,0,2,
89,Gurgaon,1995,1,3,0,4,4,4,0,1,1,3,3,
90,Delhi,1994,4,3,0,1,0,3,1,0,4,1,4,
91,Gurgaon,1986,3,3,2,3,1,1,2,1,2,2,3,
92,Bangalore,1982,2,4,0,4,4,3,2,1,2,1,1,
93,Bangalore,1989,1,2,3,1,3,3,4,0,1,4,0,
94,Jaipur,1994,1,3,2,2,0,2,0,1,4,0,4,
95,Gurgaon,1973,4,1,2,2,4,2,1,3,2,4,2,
96,Bangalore,1979,0,1,1,0,0,1,2,4,1,2,0,
97,delhi,1972,2,2,1,4,1,2,1,2,4,2,0,
98,Delhi,1987,4,0,0,1,3,2,3,1,3,2,1,
99,Jaipur,2005,2,0,2,3,0,2,2,1,0,2,1,
100,Ahmedabad,1991,0,0,1,2,4,3,2,2,1,1,1,
101,Delhi,2003,0,1,3,1,1,1,3,1,0,2,4,
102,Jaipur,1977,4,0,1,4,1,3,4,2,3,2,3,
103,Gurgaon,1988,0,4,1,0,4,4,2,0,2,1,0,
104,Gurgaon,2006,3,3,2,2,4,3,1,3,2,2,3,
105,Gurgaon,1975,1,1,2,1,0,4,0,3,4,4,3,
106,Hyderabad,1995,4,2,4,1,2,0,1,4,1,4,1,
107,Gurgaon,2003,2,2,3,1,1,0,4,1,1,3,3,
108,Chennai,1975,3,3,2,4,0,4,0,4,4,4,0,
109,Ahmedabad,2006,4,1,0,4,4,4,1,0,0,0,0,
110,Kolkata,2002,0,0,3,4,0,3,1,3,2,0,2,
111,Gurgaon,1991,0,0,3,3,4,4,3,0,2,0,4,
112,Hyderabad,1990,0,4,2,1,3,1,4,0,1,1,3,
113,Mumbai,1975,0,4,3,2,4,0,3,1,1,4,4,
114,delhi,1975,2,0,2,4,4,0,0,0,4,0,4,
115,Delhi,1973,3,2,1,4,4,4,3,3,3,3,4,
116,Mumbai,1999,1,2,4,1,2,2,4,4,0,1,4,
117,Hyderabad,1980,2,4,1,4,4,2,2,3,3,3,0,
118,Jaipur,1999,2,3,2,3,1,4,2,1,3,4,3,
119,Kolkata,2000,1,0,2,3,1,1,0,3,1,2,2,
120,Ahmedabad,1993,1,4,1,4,0,2,2,2,1,3,4,
121,Ahmedabad,1978,0,4,0,1,2,4,3,4,1,2,2,
122,Ahmedabad,1972,2,0,0,1,0,1,0,2,3,1,0,
123,delhi,2000,4,0,0,1,1,1,4,2,0,3,0,
124,Kolkata,2006,1,2,2,0,1,3,0,1,1,3,1,
125,delhi,2005,1,3,3,4,3,1,0,0,2,1,4,
126,delhi,1993,3,3,2,1,4,2,1,2,0,1,1,
127,Gurugram,2000,4,0,3,3,1,2,1,3,2,0,2,
128,Kolkata,1975,4,1,1,2,0,4,0,0,0,4,3,
129,Chennai,1971,1,4,4,2,0,4,2,3,1,3,1,
130,Kolkata,1989,0,4,3,1,4,1,1,3,4,3,0,
131,Hyderabad,1997,3,0,0,2,4,0,4,0,1,1,4,
132,Gurugram,1980,4,1,2,2,3,3,3,0,3,1,2,
133,Ahmedabad,1973,1,2,1,0,2,0,1,3,3,4,0,
134,Hyderabad,1984,4,0,0,3,0,1,0,1,0,1,3,
135,Hyderabad,1975,3,0,1,3,4,1,2,4,3,2,4,
136,Noida,1999,3,4,4,0,0,0,3,4,1,2,3,
137,Pune,2007,2,0,2,0,4,3,1,1,2,2,3,
138,Gurugram,1971,1,0,2,2,1,0,2,0,1,2,4,
139,Hyderabad,1984,3,0,4,4,0,4,2,3,0,4,4,
140,Pune,1980,2,4,2,2,1,2,2,4,3,3,3,
141,Pune,1977,2,2,3,0,0,4,0,3,2,2,2,
142,Gurugram,1995,4,2,1,3,2,2,4,1,4,1,4,
143,Noida,1974,4,0,0,2,3,1,2,3,2,2,0,
144,Mumbai,1975,2,4,4,4,1,3,3,1,2,4,1,
145,Jaipur,1995,4,2,3,2,4,0,1,0,1,1,2,
146,Chennai,1973,3,2,0,1,2,3,3,1,4,2,4,
147,Jaipur,1988,0,2,0,2,0,0,0,1,0,3,4,
148,Kolkata,1989,3,4,4,0,1,4,0,4,0,1,2,
149,Ahmedabad,2002,2,4,3,3,0,4,3,3,2,1,1,
150,Chennai,1989,2,0,0,3,0,0,4,4,2,3,3,
151,Kolkata,1981,3,3,0,0,0,3,0,2,3,1,0,
152,Hyderabad,1970,4,2,3,1,3,0,0,1,4,2,4,
153,Ahmedabad,1995,4,3,2,0,3,1,3,2,2,1,1,
154,Delhi,1983,2,4,0,2,4,4,0,4,3,2,0,
155,Gurugram,2007,1,4,1,0,1,1,4,3,4,3,2,
156,Chennai,2006,4,4,3,0,2,4,4,4,0,0,4,
157,Chennai,1980,3,3,0,1,2,4,4,3,3,3,3,
158,Gurgaon,2005,4,4,4,2,2,2,1,3,4,2,2,
159,Hyderabad,1982,3,0,1,4,0,1,4,0,3,4,4,
160,Mumbai,1972,2,4,0,4,3,1,4,1,2,3,1,
161,Pune,2002,4,1,1,3,1,2,1,4,1,4,0,
162,Ahmedabad,1975,3,3,1,0,0,3,2,3,0,4,0,
163,Hyderabad,1979,2,1,2,3,3,1,0,4,2,2,4,
164,Bangalore,1974,1,4,1,1,3,0,4,4,2,2,2,
165,Noida,1992,3,0,2,4,1,2,0,3,4,0,3,
166,Pune,1979,1,2,3,0,1,1,3,2,3,1,1,
167,Gurugram,1971,1,4,2,1,1,3,0,1,0,3,4,
168,Pune,1982,0,0,4,1,0,1,1,1,2,2,1,
169,Mumbai,1971,4,3,0,0,4,4,0,0,4,3,0,
170,Gurgaon,1989,3,1,3,1,1,0,0,0,0,4,3,
171,Pune,1970,1,1,3,0,4,2,0,0,3,1,1,
172,Gurugram,2006,0,1,4,0,0,4,2,1,2,0,4,
173,Mumbai,1978,2,3,2,2,4,3,2,2,2,3,3,
174,Jaipur,1986,3,0,0,3,2,4,3,1,2,1,2,
175,Chennai,1978,1,3,2,1,4,4,1,1,0,0,4,
176,Gurgaon,1980,4,1,1,1,1,3,0,1,0,3,1,
177,Chennai,1984,0,4,2,2,0,4,0,1,0,1,3,
178,Noida,1993,1,2,3,2,1,2,0,2,0,2,4,
179,Kolkata,2007,4,3,0,2,2,1,0,0,4,3,3,
180,Jaipur,2004,1,3,2,4,1,4,2,4,1,1,3,
181,Jaipur,1999,3,0,0,4,1,2,3,0,4,0,3,
182,Ahmedabad,2000,3,0,0,4,1,1,4,0,2,1,1,
183,delhi,1974,3,3,1,0,3,1,1,4,4,2,4,
184,Pune,1983,0,1,1,1,2,4,0,1,3,3,0,
185,Chennai,1980,3,2,3,3,1,2,3,2,0,3,0,
186,Gurugram,1978,4,0,4,0,1,4,4,2,3,3,1,
187,Gurgaon,2003,1,1,0,1,1,3,3,0,3,2,1,
188,delhi,1981,2,4,4,1,0,1,2,4,2,0,3,
189,Gurgaon,2004,4,0,3,2,3,4,4,3,0,3,4,
190,Gurgaon,2004,4,1,0,2,0,1,3,1,3,0,4,
191,Mumbai,1970,3,1,0,0,3,2,2,0,2,1,2,
192,Chennai,1991,0,2,4,2,1,0,3,2,0,0,2,
193,Chennai,1998,1,2,2,1,2,4,3,4,1,0,0,
194,delhi,1977,0,4,1,2,4,4,4,4,2,3,2,
195,Noida,1980,1,1,2,4,4,1,2,0,4,4,2,
196,delhi,2006,1,1,4,2,1,2,0,3,0,4,0,
197,Gurgaon,1983,0,2,1,1,0,3,1,2,3,2,0,
198,delhi,1999,4,0,2,0,2,2,4,0,3,2,2,
199,Chennai,2004,1,0,1,3,3,4,2,3,4,4,4,
200,Noida,1990,0,3,0,2,1,3,3,4,4,1,2,
201,Pune,2006,1,2,2,1,2,2,2,1,3,3,3,
202,Bangalore,1974,2,3,1,3,2,0,1,2,0,3,3,
203,Ahmedabad,1988,4,2,1,3,3,1,1,2,2,1,3,
204,Delhi,1983,3,4,1,4,2,2,0,3,4,1,1,
205,Jaipur,1995,1,1,2,3,0,2,0,0,4,4,3,
206,delhi,1973,2,4,3,1,0,0,1,4,4,2,4,
207,Gurgaon,1994,3,2,2,1,0,4,4,3,1,1,1,
208,Kolkata,1994,3,1,4,2,2,1,4,1,0,2,1,
209,Mumbai,1987,1,0,2,2,0,2,3,1,0,0,3,
210,Bangalore,1977,0,0,1,2,3,3,0,1,0,3,2,
211,Ahmedabad,1983,1,3,0,3,2,2,3,3,0,4,0,
212,Ahmedabad,2001,2,2,2,3,4,1,0,4,0,3,2,
213,Ahmedabad,2007,3,2,2,4,2,2,1,2,3,4,2,
214,Ahmedabad,2002,1,0,1,2,3,0,4,0,4,0,1,
215,Gurgaon,1992,0,4,0,0,4,2,4,2,3,3,1,
216,Gurgaon,1984,1,1,0,4,2,2,1,4,1,0,1,
217,Gurgaon,2002,4,4,4,0,0,3,3,2,2,4,4,
218,Noida,1994,0,4,2,3,1,0,3,3,4,1,4,
219,Jaipur,1986,2,0,0,4,1,0,2,1,1,3,0,
220,Chennai,2002,3,0,0,4,0,2,0,4,3,0,1,
221,Ahmedabad,1971,1,0,3,1,1,3,3,4,2,3,3,
222,Kolkata,1983,0,3,3,3,1,2,1,2,1,3,1,
223,Chennai,1975,4,4,0,3,0,2,3,3,2,3,4,
224,Gurgaon,1975,0,2,4,4,0,1,4,2,1,2,1,
225,Gurugram,1972,4,1,0,3,2,1,0,2,3,0,4,
226,Gurugram,1976,2,3,1,4,2,3,2,4,2,0,1,
227,Kolkata,1977,3,2,2,1,0,4,0,2,1,3,3,
228,Noida,1984,2,4,4,4,3,1,4,1,3,1,0,
229,Gurgaon,1998,1,0,1,3,1,4,4,2,4,3,3,
230,Kolkata,2002,0,4,4,3,2,0,4,1,3,2,4,
231,Gurgaon,1999,4,1,1,4,1,1,4,4,3,4,2,
232,delhi,1996,4,3,2,4,4,1,1,3,4,2,3,
233,Kolkata,2005,0,3,2,4,0,3,2,1,3,1,1,
234,Pune,1998,0,1,3,2,3,4,4,3,4,3,0,
235,Chennai,2007,1,2,1,3,4,1,4,3,4,0,1,
236,Bangalore,2002,2,2,3,3,4,1,3,1,4,3,1,
237,Hyderabad,2006,4,3,1,2,4,3,2,4,1,1,3,
238,Noida,1996,1,3,3,4,0,3,0,0,2,0,0,
239,Kolkata,2002,2,0,2,1,2,4,2,3,1,2,2,
240,Gurgaon,1973,1,2,4,4,0,0,2,3,4,4,1,
241,Mumbai,1991,4,1,3,4,2,0,2,4,2,4,0,
242,Gurugram,1971,0,2,1,2,4,2,4,4,2,3,2,
243,Pune,1979,0,0,1,3,4,1,4,2,4,2,1,
244,Jaipur,1974,2,3,2,4,3,4,1,4,2,1,0,
245,Ahmedabad,1979,3,3,1,3,2,1,0,3,2,4,3,
246,Hyderabad,2002,2,0,0,0,4,4,3,1,1,2,1,
247,Noida,2007,3,1,4,3,1,4,2,0,2,3,1,
248,Bangalore,1982,1,3,3,1,3,4,0,2,4,0,0,
249,Hyderabad,2000,1,4,4,1,0,1,0,1,0,3,1,
250,Kolkata,2005,4,3,2,4,3,3,1,0,0,3,2,
251,Gurgaon,1993,3,4,3,3,1,1,3,0,0,2,1,
252,Gurugram,1984,4,0,3,4,2,4,2,0,4,4,4,
253,Gurgaon,1998,0,0,0,2,0,2,3,1,0,2,2,
254,Gurugram,1977,3,3,2,1,0,0,1,2,1,0,0,
255,Jaipur,1974,2,2,1,4,2,4,4,2,4,2,2,
256,Gurgaon,1998,0,4,0,2,3,2,0,0,4,1,4,
257,Ahmedabad,1973,0,1,0,4,4,3,2,1,4,3,4,
258,Gurgaon,1981,2,3,4,3,3,4,4,0,2,4,1,
259,Chennai,1971,0,1,4,3,1,2,1,4,2,0,1,
260,Delhi,1996,3,3,4,3,4,4,3,2,2,3,3,
261,Pune,2000,4,2,0,3,3,1,0,3,3,2,2,
262,Gurugram,2005,0,2,1,0,2,2,2,0,1,1,3,
263,Mumbai,2005,3,2,3,2,1,1,4,4,4,2,4,
264,Gurugram,1995,1,2,4,2,1,1,4,2,4,3,1,
265,Hyderabad,1996,3,0,1,3,1,2,0,1,2,0,1,
266,Gurugram,1974,4,0,2,0,4,0,3,2,4,4,1,
267,Noida,1989,3,4,4,3,0,2,1,1,4,3,0,
268,Gurugram,1980,2,1,3,0,4,0,3,1,0,0,4,
269,Delhi,1979,4,3,2,3,3,4,3,0,4,3,1,
270,Delhi,2007,1,3,2,1,0,4,3,0,3,1,4,
271,Ahmedabad,1975,2,0,3,1,3,2,0,2,2,2,1,
272,Bangalore,1977,3,3,4,4,0,4,0,4,1,4,2,
273,Chennai,1992,4,0,0,3,4,3,1,2,1,0,4,
274,Mumbai,1995,1,4,3,2,1,1,3,3,0,4,3,
275,Gurugram,1981,2,1,3,4,2,1,0,1,1,4,0,
276,Gurugram,1995,1,4,3,1,1,0,1,1,1,4,3,
277,Pune,1982,3,2,2,3,4,4,1,0,2,0,4,
278,Gurgaon,1987,1,2,1,4,0,0,3,4,2,0,1,
279,Delhi,1994,0,2,0,3,1,1,2,0,3,4,4,
280,Mumbai,2002,2,4,4,1,4,1,3,3,0,2,0,
281,Ahmedabad,1981,1,3,4,4,3,4,2,2,1,3,4,
282,Jaipur,2005,3,1,1,1,2,3,1,2,3,4,1,
283,Bangalore,1973,3,2,3,0,1,3,0,4,0,1,3,
284,Chennai,1974,1,2,0,1,0,4,4,0,1,4,2,
285,Gurgaon,2006,3,2,4,3,3,4,1,0,1,0,3,
286,Chennai,1977,4,1,4,2,4,0,0,3,2,3,1,
287,Noida,1997,4,2,3,1,2,4,1,2,4,1,1,
288,Hyderabad,2000,4,1,1,2,0,3,3,0,0,3,0,
289,Noida,1978,0,2,0,0,4,4,2,4,1,3,4,
290,Gurugram,1998,1,4,1,4,4,0,1,2,0,1,4,
291,Bangalore,1983,0,4,1,4,1,0,0,3,3,4,3,
292,Hyderabad,1991,3,1,0,2,1,0,3,4,3,4,2,
293,Mumbai,1980,0,4,0,4,0,0,4,1,4,4,2,
294,Gurgaon,1992,3,1,4,1,4,2,3,3,1,2,0,
295,Delhi,1970,3,4,4,2,1,4,2,4,2,4,1,
296,Bangalore,2006,2,4,0,3,2,1,3,0,1,1,0,
297,Bangalore,1990,4,1,2,1,2,4,4,1,0,2,4,
298,Noida,1995,3,3,4,1,4,2,0,3,3,4,1,
299,Gurugram,2005,2,4,2,1,1,0,1,0,0,2,0,
300,Kolkata,1992,4,2,0,3,0,2,2,1,4,1,3,
301,Ahmedabad,1970,3,3,4,0,0,3,4,2,3,4,4,
302,Noida,1984,3,1,1,4,0,3,2,0,2,0,2,
303,Bangalore,1990,0,3,0,2,2,4,3,4,3,1,0,
304,delhi,1978,0,0,3,0,1,4,2,3,1,3,4,
305,Pune,1978,4,0,2,2,1,1,4,1,1,3,4,
306,Gurgaon,1979,3,4,0,4,2,1,1,0,3,1,2,
307,Ahmedabad,1995,1,4,0,3,0,3,1,2,4,3,2,
308,Noida,2004,0,2,4,1,0,0,2,3,1,1,2,
309,Gurgaon,1994,4,3,4,1,4,2,0,3,1,0,0,
310,Pune,1995,3,0,4,3,3,1,2,0,2,1,2,
311,Jaipur,1980,3,4,3,0,1,1,3,2,3,4,3,
312,Pune,2007,1,3,4,0,1,0,1,1,1,4,4,
313,Pune,1971,4,4,0,2,1,0,1,0,4,2,2,
314,Gurgaon,1976,3,4,4,3,3,4,1,1,0,3,4,
315,Chennai,1987,0,0,1,0,4,2,0,3,3,3,1,
316,Gurgaon,1996,1,0,4,3,3,0,0,1,2,1,1,
317,Kolkata,2003,4,4,3,4,0,1,4,2,1,3,2,
318,Gurugram,1996,1,1,1,1,0,1,2,4,4,4,4,
319,Hyderabad,1986,0,4,0,1,1,3,2,2,3,0,1,
320,Chennai,1993,4,4,0,1,2,0,3,1,4,1,2,
321,Delhi,1994,1,2,2,3,1,4,1,0,4,3,4,
322,Hyderabad,1976,2,2,1,3,2,2,0,3,2,4,2,
323,Gurugram,1975,0,2,2,2,3,4,3,4,3,2,4,
324,Noida,1993,0,1,1,1,0,1,3,0,1,3,1,
325,Ahmedabad,2002,0,1,1,2,2,4,0,0,2,0,2,
326,Kolkata,1998,2,4,3,1,3,1,2,2,1,0,1,
327,Kolkata,1991,2,2,2,2,0,1,1,1,0,3,2,
328,Delhi,1995,3,1,3,2,2,1,2,2,4,3,0,
329,Chennai,1997,1,0,1,4,1,1,3,1,0,4,1,
330,Gurgaon,1990,3,4,0,2,1,1,1,2,4,3,1,
331,Jaipur,1976,1,3,1,3,1,3,4,0,2,2,3,
332,Pune,1986,2,4,3,2,3,4,3,3,1,4,1,
333,Chennai,1989,2,3,2,1,1,3,2,1,1,1,4,
334,Ahmedabad,1989,3,2,2,2,4,3,2,4,2,2,2,
335,Jaipur,1991,4,3,3,0,0,0,2,4,3,4,0,
336,Kolkata,1997,3,2,2,1,3,0,0,0,0,4,4,
337,Gurgaon,1976,1,0,4,0,1,0,3,2,0,0,4,
338,Ahmedabad,1970,3,3,0,1,0,2,1,2,1,4,4,
339,Gurugram,2001,0,4,0,3,2,0,2,0,1,2,4,
340,Delhi,1982,1,2,0,3,1,4,2,4,1,3,0,
341,Gurugram,1999,1,4,2,3,0,3,0,4,2,2,3,
342,Gurgaon,1992,4,1,2,0,4,4,1,2,3,1,1,
343,Ahmedabad,1988,2,2,1,4,2,0,3,1,0,4,4,
344,Mumbai,2001,1,3,1,1,4,2,4,3,4,4,1,
345,Mumbai,1999,2,2,0,3,0,2,0,1,2,4,1,
346,Noida,1998,3,4,4,1,4,3,3,4,0,4,4,
347,Chennai,1998,0,0,1,0,0,4,4,1,3,0,3,
348,Kolkata,1999,4,2,1,4,0,1,2,3,2,0,1,
349,Kolkata,1985,2,3,2,0,4,4,2,1,0,3,2,
350,Pune,1988,1,1,4,1,0,0,1,1,2,4,1,
351,Pune,1987,2,0,0,4,1,1,4,1,0,1,4,
352,Pune,1970,1,1,1,4,0,2,2,1,0,3,0,
353,Gurgaon,1983,2,2,4,0,3,3,2,0,3,4,1,
354,Hyderabad,1971,1,4,4,3,0,3,1,4,4,0,3,
355,Bangalore,1997,3,4,0,1,3,2,3,3,3,1,2,
356,Hyderabad,1999,1,3,4,2,0,0,2,4,0,3,2,
357,Gurugram,2007,1,4,4,2,0,2,0,0,2,1,0,
358,Hyderabad,1973,0,0,4,0,4,0,0,0,3,4,0,
359,Gurgaon,1970,1,4,1,1,1,1,3,0,4,2,1,
360,Noida,1977,0,3,0,1,1,2,4,0,0,1,4,
361,Gurugram,1998,4,2,4,0,2,0,1,1,3,1,3,
362,Hyderabad,1972,0,2,4,1,4,1,0,4,3,0,2,
363,Gurgaon,2001,3,4,1,3,4,2,0,2,3,4,0,
364,Bangalore,1979,0,1,0,0,1,3,3,3,3,1,3,
365,Hyderabad,1979,4,2,2,3,4,2,4,0,2,4,4,
366,Gurgaon,1988,3,4,1,1,1,4,4,4,4,0,2,
367,Gurgaon,2003,2,3,0,0,4,2,3,0,4,4,2,
368,Pune,2002,2,4,4,1,0,4,0,0,0,0,4,
369,Gurgaon,1992,0,2,0,0,1,1,1,0,1,0,2,
370,Kolkata,1997,0,3,0,1,1,2,0,0,2,3,4,
371,Pune,2001,4,4,0,3,3,1,4,0,0,4,2,
372,Kolkata,1976,4,0,2,3,4,1,0,3,0,2,1,
373,delhi,1998,1,3,0,1,4,0,1,4,3,3,4,
374,Delhi,1977,4,0,2,0,1,1,2,0,1,0,3,
375,Gurgaon,1970,1,1,4,2,0,1,0,0,1,2,1,
376,Delhi,1972,3,3,2,3,0,2,3,0,2,1,3,
377,Delhi,1993,0,0,4,3,0,2,2,0,1,1,2,
378,Bangalore,1992,3,2,4,2,4,3,3,1,0,3,3,
379,Pune,1977,4,2,2,1,3,0,3,1,1,2,1,
380,delhi,2006,3,1,1,0,1,1,3,2,1,4,4,
381,Kolkata,1972,3,3,3,1,2,0,0,0,4,2,0,
382,Gurgaon,2002,3,3,0,4,3,4,4,2,0,3,3,
383,Gurugram,1997,4,3,3,3,2,1,2,3,1,4,0,
384,Gurgaon,1977,3,1,0,4,3,0,1,2,1,4,3,
385,Gurugram,2003,1,3,0,3,0,3,4,4,3,1,3,
386,Gurgaon,2004,4,2,4,3,4,3,0,1,1,2,4,
387,Mumbai,2001,3,0,0,4,2,1,3,1,1,4,2,
388,Gurgaon,1993,4,2,0,4,3,4,1,0,4,3,1,
389,Hyderabad,1983,2,2,2,1,4,3,2,0,0,1,1,
390,Hyderabad,2001,1,0,3,4,2,3,4,3,2,4,1,
391,Chennai,1985,3,2,2,1,1,4,4,3,0,2,2,
392,Pune,1973,2,1,0,1,3,0,1,4,3,1,0,
393,Gurugram,2006,2,0,4,1,1,3,0,0,0,2,1,
394,Gurugram,1990,4,2,2,3,0,2,2,0,1,2,0,
395,Ahmedabad,1983,2,4,2,3,1,3,1,3,3,2,2,
396,Noida,2000,1,2,1,4,1,0,3,3,0,1,2,
397,Pune,1987,1,1,0,3,3,0,2,3,3,4,4,
398,Bangalore,1976,0,3,4,4,0,1,4,1,2,0,1,
399,Chennai,1979,1,2,2,3,1,2,1,2,0,4,4,
400,Bangalore,1976,2,3,2,0,4,0,4,2,1,1,1,
401,Gurgaon,2002,1,4,4,0,2,4,4,0,3,0,2,
402,Gurgaon,1992,4,2,0,4,1,2,4,1,4,0,2,
403,Bangalore,1990,0,0,1,3,0,2,0,3,3,0,3,
404,Bangalore,1988,2,3,2,3,1,4,4,0,4,3,3,
405,delhi,1988,0,4,1,1,2,3,3,1,1,1,2,
406,Pune,2005,2,0,3,2,0,4,3,4,2,3,2,
407,Bangalore,1998,4,0,0,4,3,4,2,1,4,0,0,
408,Hyderabad,1987,0,0,3,2,0,3,4,0,2,3,0,
409,Noida,1971,3,0,3,2,3,3,4,2,3,3,4,
410,Noida,1970,2,2,3,4,0,3,1,3,1,1,3,
411,Delhi,1974,3,2,0,3,2,3,0,4,4,2,3,
412,Mumbai,1989,0,2,0,4,2,3,2,1,3,3,2,
413,Gurgaon,1980,3,4,4,2,0,4,4,0,0,3,2,
414,Gurugram,1971,3,4,1,3,1,1,1,0,3,0,4,
415,Ahmedabad,1972,0,4,1,0,2,1,0,3,2,0,3,
416,Gurugram,1992,4,1,4,4,3,0,2,0,1,0,0,
417,Mumbai,1981,3,4,4,4,3,1,2,0,1,4,1,
418,Ahmedabad,1989,3,2,3,3,4,1,4,3,3,3,4,
419,delhi,1974,4,2,4,0,3,4,2,4,0,0,1,
420,Pune,2006,3,1,2,0,4,3,1,2,2,1,0,
421,Gurgaon,2007,3,1,1,3,0,3,2,2,3,4,0,
422,Pune,1999,3,4,4,1,0,4,3,1,3,2,1,
423,Gurugram,1978,1,3,2,4,0,1,1,4,1,3,4,
424,Gurugram,2003,4,1,2,4,1,4,0,1,2,3,1,
425,Ahmedabad,2004,3,0,2,2,1,0,0,2,0,1,4,
426,Ahmedabad,1991,4,2,2,3,4,3,4,3,1,2,4,
427,Gurgaon,1993,2,0,3,2,3,2,4,0,3,2,2,
428,delhi,1986,2,2,2,2,3,0,3,2,1,4,3,
429,Gurgaon,1979,3,2,3,0,0,0,0,4,1,3,3,
430,Mumbai,1999,4,1,3,4,2,4,0,2,4,0,0,
431,Bangalore,1992,4,1,2,2,1,1,0,4,1,1,2,
432,Pune,2001,4,0,1,0,1,3,0,4,1,1,3,
433,Ahmedabad,1986,1,2,2,3,0,2,2,4,2,1,4,
434,Kolkata,1986,2,0,2,2,1,0,1,1,1,1,4,
435,Mumbai,1983,4,3,2,4,0,2,1,3,0,0,1,
436,Hyderabad,1978,4,0,1,2,4,1,3,2,3,0,1,
437,delhi,1971,1,4,0,3,3,1,2,3,2,4,4,
438,Gurugram,1994,1,0,0,2,2,2,0,0,1,3,4,
439,Gurgaon,1978,4,4,3,4,3,3,0,2,0,0,1,
440,Mumbai,1991,0,4,3,0,3,1,4,3,3,4,3,
441,Pune,1973,4,4,1,4,4,2,4,3,2,2,0,
442,Ahmedabad,1995,4,3,4,0,1,0,3,0,0,3,1,
443,Gurugram,1998,1,0,0,1,2,2,0,4,1,0,3,
444,Gurgaon,2003,1,0,3,4,1,2,3,2,4,2,3,
445,delhi,1992,4,3,0,4,3,4,2,2,4,4,3,
446,Mumbai,2006,4,2,1,3,0,1,1,0,2,0,2,
447,Chennai,1980,4,1,1,2,3,3,0,4,0,0,2,
448,Gurugram,1975,1,0,4,0,1,3,2,2,3,2,3,
449,Pune,1987,4,1,4,0,3,4,0,2,0,0,4,
450,Delhi,1990,4,3,1,3,0,3,4,2,4,1,2,
451,Kolkata,2005,3,2,3,3,4,2,3,4,2,0,1,
452,Jaipur,2007,0,2,0,2,1,4,4,0,1,3,2,
453,Bangalore,2003,2,2,2,2,3,0,1,2,0,2,4,
454,Jaipur,1986,0,3,4,4,1,1,4,3,4,3,0,
455,Pune,2006,3,4,2,1,4,1,0,4,3,4,2,
456,Hyderabad,1994,2,4,3,2,3,1,4,1,2,3,3,
457,Gurgaon,2007,4,1,4,3,3,2,0,0,1,1,3,
458,Hyderabad,1981,3,4,2,2,1,0,1,3,0,1,3,
459,Delhi,1992,4,4,3,0,1,4,4,2,3,3,0,
460,Bangalore,1991,1,2,0,1,0,4,3,1,1,4,4,
461,Chennai,1990,3,2,3,4,4,1,3,0,4,0,1,
462,Delhi,1996,1,1,4,0,0,0,3,4,4,1,4,
463,Noida,2000,3,0,1,0,3,0,4,1,3,3,0,
464,Jaipur,1975,3,1,0,1,1,0,4,1,4,3,3,
465,Delhi,1996,1,1,2,4,3,3,4,3,2,3,4,
466,Jaipur,2003,2,3,4,3,3,3,0,0,3,0,1,
467,Gurugram,1981,0,3,1,4,2,1,1,3,4,2,3,
468,Hyderabad,1976,4,1,3,2,2,0,3,3,0,4,1,
469,Gurugram,1979,3,1,1,0,3,0,0,2,4,2,2,
470,Kolkata,1986,4,1,4,2,1,4,3,4,2,4,1,
471,Noida,1995,1,4,4,3,3,4,0,1,1,4,3,
472,Bangalore,1990,4,3,1,2,2,1,4,0,1,3,2,
473,Chennai,1997,1,1,3,4,1,0,3,4,4,1,3,
474,delhi,1971,4,2,1,2,3,1,4,4,1,3,3,
475,Jaipur,1970,0,2,4,3,4,4,3,0,4,0,2,
476,Chennai,2005,0,4,4,3,4,4,2,4,2,4,1,
477,Jaipur,1995,0,4,2,3,3,3,0,2,1,1,0,
478,Pune,1998,0,0,2,4,1,1,2,4,0,4,0,
479,Delhi,1990,0,0,0,3,3,1,0,2,4,4,0,
480,Kolkata,1980,0,0,4,0,3,0,1,1,1,3,0,
481,Hyderabad,1980,1,4,2,3,2,0,3,1,2,1,4,
482,delhi,2005,3,4,1,2,4,3,1,3,2,1,0,
483,Ahmedabad,2004,4,4,3,2,2,2,1,2,0,4,2,
484,Jaipur,2003,0,2,1,2,2,2,0,1,2,1,0,
485,Chennai,1993,1,4,3,4,3,2,2,4,2,1,3,
486,Kolkata,1991,1,2,2,2,2,1,4,0,1,3,0,
487,Gurgaon,1974,1,0,0,4,4,1,0,0,4,2,1,
488,delhi,2002,3,0,1,4,2,4,4,2,3,0,2,
489,Gurgaon,2005,4,0,1,3,4,1,1,3,2,2,2,
490,Gurugram,1989,3,1,1,0,2,1,4,4,2,1,4,
491,Hyderabad,1988,2,1,3,3,4,1,2,2,3,4,3,
492,Gurgaon,2004,1,3,2,3,2,3,0,0,2,0,2,
493,Gurgaon,1986,2,3,1,4,2,1,2,2,1,0,1,
494,Ahmedabad,2003,0,3,1,4,1,0,2,4,1,4,0,
495,Pune,1978,0,1,0,2,4,0,0,1,3,0,2,
496,Chennai,1995,3,1,0,2,4,4,2,4,2,4,1,
497,Ahmedabad,1971,4,3,2,3,4,3,3,1,2,0,0,
498,Delhi,1978,2,3,2,1,0,0,3,1,4,2,4,
499,Delhi,1978,4,4,4,1,2,3,3,1,2,0,2,
500,Chennai,1986,3,3,0,2,4,3,4,2,1,3,2,
501,Bangalore,1970,0,4,4,1,0,4,2,0,0,4,1,
502,Pune,1994,4,2,3,2,1,3,0,2,0,0,3,
503,Kolkata,1994,4,1,4,4,4,1,0,0,0,4,4,
504,Jaipur,2004,0,3,1,3,4,3,4,4,0,3,3,
505,Gurgaon,1972,2,1,4,0,0,4,0,3,2,0,2,
506,delhi,2006,0,1,2,3,2,4,3,4,2,0,3,
507,Bangalore,1999,4,1,3,2,1,4,2,2,4,3,0,
508,Jaipur,2007,2,2,1,2,4,0,0,2,2,3,4,
509,Jaipur,2003,2,0,4,3,2,1,0,0,0,3,3,
510,Bangalore,1981,0,3,3,2,1,0,1,2,3,4,0,
511,Gurugram,1988,4,0,3,1,3,2,1,1,3,3,1,
512,Gurgaon,2006,3,0,1,1,3,1,1,2,1,4,3,
513,Jaipur,1986,4,0,4,2,1,3,2,0,1,2,4,
514,Bangalore,1979,1,1,3,2,0,4,3,0,2,0,0,
515,Bangalore,1981,3,4,3,1,1,2,3,1,3,0,3,
516,Noida,1985,2,1,0,2,1,1,3,0,0,1,1,
517,Ahmedabad,1993,3,1,3,2,0,0,2,3,0,2,3,
518,Mumbai,1988,2,0,0,3,0,4,2,4,0,3,0,
519,Gurugram,1977,2,1,4,0,2,0,1,2,2,3,3,
520,Hyderabad,2000,3,0,4,1,2,1,0,3,2,2,4,
521,Mumbai,1990,2,4,4,3,0,1,4,2,4,3,2,
522,Ahmedabad,1986,2,3,2,0,3,2,4,3,0,1,0,
523,Ahmedabad,1992,1,0,4,2,3,3,0,2,0,4,0,
524,Ahmedabad,2006,4,4,3,2,1,0,1,1,2,0,0,
525,Mumbai,1985,4,3,1,3,4,2,0,0,2,2,0,
526,Chennai,1975,1,2,0,2,1,4,0,0,4,0,3,
527,Gurgaon,1977,3,0,2,4,1,3,4,1,4,4,4,
528,Bangalore,1994,0,0,4,3,4,2,1,3,1,2,1,
529,delhi,1987,0,2,4,0,0,0,2,4,3,4,4,
530,Gurgaon,1994,0,2,1,3,3,1,4,3,0,3,0,
531,Gurgaon,1981,1,0,1,1,1,4,2,0,0,3,3,
532,Pune,1984,1,2,2,3,4,0,1,4,4,3,3,
533,Chennai,1995,2,1,0,2,2,3,0,2,4,4,0,
534,Hyderabad,1995,0,3,4,2,1,3,3,4,1,4,3,
535,Gurgaon,2001,3,3,2,4,3,1,3,3,3,4,0,
536,delhi,1979,3,3,3,4,0,1,1,1,1,0,4,
537,Delhi,1985,0,1,3,4,1,4,3,2,3,4,2,
538,Ahmedabad,1976,0,2,2,0,1,4,2,3,0,3,3,
539,Jaipur,1986,0,4,4,4,4,1,3,2,1,1,0,
540,Gurgaon,1992,1,2,2,0,2,1,1,4,4,4,0,
541,Pune,1995,1,0,4,4,2,3,1,0,1,1,3,
542,Gurugram,1990,1,3,1,0,0,1,2,3,1,3,1,
543,Hyderabad,1991,4,2,2,3,3,2,3,1,0,4,0,
544,Pune,1976,3,4,4,3,0,0,3,4,4,0,3,
545,Ahmedabad,1983,3,0,2,2,1,1,0,3,4,0,0,
546,Jaipur,1984,2,1,2,0,1,4,4,1,2,1,1,
547,Chennai,1976,1,1,4,1,2,2,1,3,2,0,2,
548,Jaipur,1978,4,4,4,2,3,4,0,4,2,0,1,
549,Mumbai,1977,4,0,0,3,4,2,1,3,0,0,4,
550,Jaipur,1992,3,3,2,0,3,1,0,2,1,3,3,
551,Mumbai,1998,1,2,3,4,1,0,4,4,4,0,1,
552,Gurgaon,1987,2,0,2,1,4,4,0,3,4,2,2,
553,Chennai,2000,1,1,2,3,3,2,1,0,1,4,0,
554,Kolkata,1999,0,4,4,2,3,3,3,3,4,0,3,
555,Ahmedabad,2004,1,4,2,0,4,1,1,2,1,0,1,
556,Mumbai,1987,0,2,2,1,1,0,2,1,0,0,2,
557,Gurugram,1986,0,4,3,0,3,1,2,1,0,2,1,
558,Jaipur,1983,2,4,4,4,4,3,2,1,0,0,4,
559,Jaipur,2000,3,0,2,2,1,0,2,0,1,0,3,
560,Gurugram,1993,1,3,1,0,4,3,4,2,1,4,0,
561,Delhi,2004,0,2,0,3,4,1,3,4,3,2,2,
562,Gurgaon,2003,1,0,3,2,3,2,3,1,4,2,1,
563,Bangalore,1972,3,3,2,3,1,1,1,2,4,0,3,
564,Kolkata,2006,3,0,1,0,3,1,0,3,3,2,1,
565,Hyderabad,1995,4,0,2,2,0,1,1,0,3,1,3,
566,delhi,1992,3,4,2,3,0,4,1,2,0,2,4,
567,Mumbai,1984,2,3,4,4,1,3,1,2,3,2,1,
568,Gurugram,1973,0,2,4,4,4,3,1,4,1,2,4,
569,delhi,1998,4,2,4,0,3,3,3,2,2,3,2,
570,Chennai,1991,2,3,1,2,3,4,0,4,1,3,4,
571,Mumbai,1994,1,4,2,1,1,2,1,0,3,3,3,
572,Bangalore,1982,0,1,0,2,1,1,3,0,4,2,2,
573,delhi,1987,3,0,3,4,0,2,1,3,1,1,1,
574,Chennai,2002,0,4,4,3,2,4,2,4,4,2,1,
575,Pune,1985,1,3,4,1,1,3,1,4,1,0,3,
576,Ahmedabad,1971,4,0,2,0,2,1,1,1,4,1,0,
577,Jaipur,2004,4,2,2,1,1,0,4,1,1,3,0,
578,Pune,2003,4,1,1,0,4,0,2,3,4,4,1,
579,Mumbai,1999,3,2,1,1,4,2,0,0,2,1,3,
580,Bangalore,1982,2,3,4,0,0,3,1,1,0,3,0,
581,Kolkata,1982,2,0,2,0,0,0,0,2,1,1,4,
582,delhi,1987,0,3,0,1,2,2,2,0,2,1,1,
583,Gurgaon,2001,3,0,3,1,1,4,1,2,0,2,4,
584,Ahmedabad,2001,4,4,2,0,3,2,4,4,1,0,3,
585,Mumbai,2004,4,1,2,4,0,2,3,0,2,4,4,
586,Gurugram,1998,1,4,1,1,3,2,4,3,2,3,0,
587,Gurgaon,1998,1,4,3,2,3,1,4,4,2,1,0,
588,Gurgaon,1985,4,3,4,3,1,2,3,4,3,4,2,
589,Gurgaon,1979,4,1,2,0,2,2,3,2,4,1,1,
590,Gurgaon,1999,3,0,4,0,1,1,3,4,0,0,3,
591,Mumbai,1994,2,0,2,3,0,1,1,1,4,4,1,
592,Ahmedabad,1989,1,2,4,4,3,4,0,0,4,3,4,
593,Jaipur,1974,2,0,3,3,1,3,0,1,4,1,3,
594,Jaipur,1970,3,3,1,1,1,0,3,2,2,0,3,
595,Mumbai,1999,4,4,3,3,1,0,4,2,4,4,0,
596,Chennai,1972,2,4,0,0,0,2,2,0,3,1,4,
597,Gurgaon,1983,4,4,1,3,2,4,3,4,1,1,0,
598,Gurugram,1999,4,1,3,2,1,2,4,3,2,3,0,
599,Gurgaon,1973,0,0,0,1,0,0,4,2,0,0,2,
600,Gurgaon,1987,2,3,2,3,3,1,1,0,1,2,0,
601,Mumbai,2006,2,1,2,0,4,3,1,3,1,1,1,
602,Chennai,1994,4,2,4,1,0,4,0,4,1,4,3,
603,Jaipur,1970,3,3,1,0,4,1,0,2,4,3,0,
604,Jaipur,1984,0,3,2,4,1,3,2,0,4,3,1,
605,Bangalore,1978,4,3,1,2,1,4,2,0,2,1,4,
606,Mumbai,1984,1,4,2,4,0,4,2,0,4,1,3,
607,Gurgaon,1993,1,3,4,2,4,0,2,2,4,1,4,
608,Delhi,1973,0,0,3,3,1,1,4,3,4,2,1,
609,Gurgaon,1981,3,3,4,1,3,4,4,0,2,1,4,
610,Jaipur,2006,4,4,0,3,2,4,0,4,2,0,4,
611,Jaipur,2006,2,3,2,2,2,3,1,0,3,4,4,
612,Pune,1975,0,2,0,2,1,0,1,3,3,1,0,
613,Jaipur,1993,3,2,0,2,4,2,3,2,3,2,0,
614,Gurugram,1980,2,4,1,0,1,0,4,0,3,4,0,
615,Hyderabad,1982,1,0,2,1,4,2,2,0,1,3,3,
616,Mumbai,2003,1,0,0,3,3,1,2,4,1,1,1,
617,delhi,1994,2,1,3,3,4,1,3,4,3,4,0,
618,Gurgaon,1976,0,4,0,4,1,4,1,0,3,3,4,
619,Hyderabad,1973,1,3,3,2,3,1,2,0,0,2,4,
620,Chennai,1977,4,4,1,2,0,4,1,4,1,0,4,
621,Delhi,1989,2,1,0,2,2,0,3,3,0,1,4,
622,Gurugram,1998,2,4,4,3,1,1,1,1,0,0,2,
623,Ahmedabad,1979,1,4,1,4,1,0,1,1,4,2,3,
624,Noida,2003,0,1,3,0,1,0,1,0,2,4,1,
625,Gurgaon,1995,4,0,1,1,3,1,2,4,1,4,1,
626,Hyderabad,1972,0,3,0,0,0,0,0,2,3,2,0,
627,Ahmedabad,1975,3,1,2,3,4,1,4,2,3,2,2,
628,Delhi,1974,3,2,2,2,0,1,1,1,2,1,1,
629,Pune,1974,1,0,3,1,3,1,1,3,1,3,3,
630,Ahmedabad,1992,1,2,3,3,1,2,1,1,3,0,4,
631,Gurugram,1978,1,0,2,3,2,0,0,0,3,0,0,
632,Gurugram,2004,3,3,3,3,1,3,3,3,4,4,3,
633,delhi,1989,0,3,1,1,4,1,2,2,0,4,1,
634,Pune,2004,0,4,4,1,2,0,0,4,3,1,2,
635,Noida,1987,1,2,4,4,1,4,1,4,1,2,0,
636,Mumbai,1986,4,0,1,4,2,1,0,0,2,0,1,
637,Ahmedabad,1993,0,3,4,0,0,1,0,1,4,1,0,
638,Pune,1972,3,1,0,1,3,3,0,0,1,4,1,
639,Gurugram,2001,2,3,1,1,1,2,3,4,4,4,4,
640,Gurugram,2004,2,1,3,1,4,2,4,2,0,0,2,
641,Hyderabad,2007,2,0,1,4,0,1,2,4,3,4,4,
642,Jaipur,1982,4,3,2,3,1,0,3,3,1,4,1,
643,Noida,1994,1,3,3,2,0,4,3,4,2,3,3,
644,Ahmedabad,1978,3,0,2,4,4,4,4,4,0,2,4,
645,delhi,1973,4,3,3,1,1,0,3,3,0,4,3,
646,delhi,1983,3,1,4,4,4,1,0,1,4,3,1,
647,Ahmedabad,2006,3,3,1,0,2,4,0,4,0,1,2,
648,Gurgaon,2003,1,2,0,1,4,2,1,0,1,4,3,
649,Delhi,1980,2,4,3,0,2,0,3,4,4,1,1,
650,delhi,1972,1,1,3,1,1,3,1,0,0,4,3,
651,Pune,1997,4,2,2,4,2,1,2,3,2,0,4,
652,Delhi,1998,4,0,4,3,1,0,0,4,1,3,1,
653,Pune,1978,4,1,2,2,1,4,2,3,2,3,4,
654,Chennai,1972,1,4,2,0,3,1,4,3,2,0,0,
655,Gurugram,1994,3,4,4,4,1,2,0,1,4,2,1,
656,Jaipur,2003,3,0,0,3,2,1,2,4,3,3,3,
657,Hyderabad,1981,0,0,2,4,3,1,4,0,4,1,0,
658,delhi,1978,4,1,2,0,3,2,2,0,1,3,4,
659,Jaipur,1984,3,3,3,2,1,2,4,4,1,2,4,
660,Jaipur,1994,0,0,4,4,4,1,4,1,4,1,3,
661,Jaipur,1974,3,3,1,1,4,2,0,1,3,1,0,
662,Gurgaon,1980,4,2,0,3,3,0,1,1,4,0,2,
663,Delhi,2003,2,4,0,4,1,2,4,0,1,4,3,
664,Pune,1993,4,3,4,3,4,2,4,3,3,0,4,
665,Kolkata,1984,1,4,3,1,1,1,0,1,1,4,1,
666,Chennai,2007,3,3,3,2,1,0,1,0,3,0,0,
667,Gurgaon,1977,3,2,4,2,3,3,3,0,3,4,2,
668,Jaipur,1974,1,0,3,1,3,3,3,3,4,3,1,
669,Mumbai,1995,1,2,0,3,0,4,1,4,4,1,0,
670,Delhi,1987,2,0,0,4,4,2,2,4,4,4,3,
671,delhi,1975,3,0,1,1,4,2,0,1,3,3,3,
672,Noida,2006,3,4,4,0,4,0,1,1,3,2,0,
673,delhi,1982,2,2,2,3,2,3,3,3,1,0,2,
674,Hyderabad,1997,0,3,2,2,1,4,4,1,2,2,0,
675,Gurgaon,1974,2,2,1,1,3,0,3,3,4,3,1,
676,Kolkata,1982,4,4,1,2,4,2,4,0,1,2,1,
677,Mumbai,1986,3,0,3,3,0,3,0,1,1,2,3,
678,delhi,2001,1,4,1,2,4,4,4,0,0,3,0,
679,Kolkata,1998,4,1,1,1,1,1,1,2,4,1,3,
680,Gurgaon,1972,3,1,2,3,1,3,4,3,1,4,2,
681,Jaipur,2003,2,3,3,0,3,4,2,2,0,0,1,
682,Mumbai,1996,4,4,1,1,2,0,1,1,4,4,4,
683,Kolkata,1982,3,3,1,4,3,1,0,0,3,0,4,
684,Hyderabad,2002,0,3,3,1,4,4,1,1,0,4,0,
685,Pune,1975,0,1,4,3,0,4,2,2,3,2,0,
686,Gurugram,1993,1,3,3,1,3,2,0,1,2,1,4,
687,Pune,1988,3,1,2,0,2,3,3,4,2,2,0,
688,Gurgaon,1985,0,0,4,0,3,2,2,2,2,1,1,
689,Delhi,1997,2,4,0,4,1,1,0,1,2,3,2,
690,Gurugram,2002,3,3,3,2,4,4,4,0,1,0,2,
691,Chennai,1982,2,1,2,3,4,2,1,1,2,0,3,
692,Hyderabad,1994,2,2,4,3,4,3,0,0,1,3,1,
693,Chennai,2005,0,3,3,2,4,1,1,4,1,4,0,
694,Gurgaon,1996,3,0,1,0,4,0,4,1,4,3,0,
695,Mumbai,2007,4,0,3,0,4,2,0,4,1,3,3,
696,Ahmedabad,1976,0,2,0,1,0,1,3,2,1,1,3,
697,Gurugram,1974,0,1,3,4,2,0,2,0,2,3,0,
698,Chennai,2000,3,3,4,4,4,2,0,2,1,0,0,
699,delhi,1992,3,1,4,4,2,1,4,0,3,2,1,
700,Chennai,1979,2,0,3,1,4,1,0,4,2,1,3,
701,Kolkata,2001,3,1,4,4,3,2,1,3,0,1,1,
702,Pune,1999,2,0,1,2,4,1,0,1,2,4,0,
703,Kolkata,2000,0,1,3,1,1,4,3,4,1,2,4,
704,Gurgaon,1987,1,2,1,2,0,2,0,0,3,1,4,
705,Gurugram,2005,4,4,1,1,3,1,2,0,2,3,0,
706,Gurugram,1971,0,2,2,4,3,0,0,0,3,1,3,
707,Gurgaon,1983,3,2,3,2,1,0,1,0,0,1,4,
708,Gurgaon,1982,4,4,4,2,4,4,0,1,0,1,3,
709,Kolkata,1998,1,4,1,2,0,2,3,2,4,4,4,
710,Bangalore,1981,1,3,2,1,3,1,4,3,4,1,3,
711,delhi,1971,2,3,3,3,0,1,0,1,2,1,4,
712,Noida,2001,4,2,3,4,3,0,0,0,4,4,3,
713,Pune,1982,2,2,0,2,4,4,2,1,3,2,1,
714,Gurugram,1996,0,0,0,3,3,0,3,4,4,0,3,
715,Gurgaon,1986,4,0,1,4,3,0,4,0,3,4,1,
716,Ahmedabad,2000,0,3,0,4,2,4,1,3,4,4,1,
717,delhi,2003,2,3,1,2,4,2,0,0,4,1,0,
718,Kolkata,1993,4,0,4,2,1,1,4,3,4,1,1,
719,Pune,2004,2,0,1,1,1,2,1,3,1,0,2,
720,Ahmedabad,1975,4,1,0,3,4,3,3,2,1,1,1,
721,Kolkata,1988,2,1,4,3,1,3,3,2,4,3,3,
722,Chennai,1999,1,0,0,2,4,3,4,1,3,1,1,
723,Ahmedabad,1976,2,1,1,4,1,4,1,1,2,1,3,
724,Gurgaon,1979,1,4,2,2,2,0,3,3,0,3,3,
725,Gurgaon,2001,2,3,3,4,1,2,4,0,1,0,2,
726,Pune,2003,4,3,0,4,3,1,3,4,4,3,1,
727,Jaipur,1997,4,0,1,2,4,3,3,4,0,4,1,
728,Mumbai,1984,4,2,4,0,0,2,3,0,1,3,4,
729,Mumbai,1999,3,0,0,3,0,3,2,0,2,2,4,
730,Pune,2006,0,1,0,4,4,3,1,2,3,4,0,
731,Ahmedabad,1998,4,2,3,4,2,1,4,4,4,1,3,
732,Kolkata,1991,1,1,1,0,1,4,4,3,2,4,2,
733,Gurgaon,1973,4,4,2,1,2,0,1,1,1,0,4,
734,Noida,1989,3,1,4,0,0,4,1,2,4,0,1,
735,Mumbai,2001,1,4,1,0,4,2,1,4,0,3,0,
736,Gurgaon,2005,3,4,4,4,4,4,1,0,3,4,2,
737,Mumbai,1973,1,1,0,3,2,2,0,4,1,1,1,
738,Chennai,1996,2,1,3,0,2,2,4,3,3,0,1,
739,Kolkata,1986,0,4,3,1,1,0,0,2,4,1,3,
740,Chennai,1981,0,2,2,2,3,1,3,0,2,2,3,
741,delhi,1991,3,4,3,0,3,0,3,3,3,0,4,
742,Mumbai,1986,0,3,0,0,1,4,4,1,0,3,4,
743,Jaipur,1979,3,4,2,1,3,2,3,2,1,2,1,
744,Jaipur,1970,3,2,1,3,0,3,1,3,0,4,1,
745,Chennai,1991,3,3,3,0,3,3,0,3,3,1,4,
746,Gurgaon,1995,0,0,2,0,1,2,1,0,2,0,4,
747,Jaipur,1987,3,0,0,3,3,0,3,1,2,2,1,
748,Mumbai,1983,0,2,4,1,4,1,0,3,0,2,2,
749,Pune,1998,3,4,4,0,2,0,1,2,4,0,1,
750,Chennai,1981,4,1,0,3,0,2,4,3,4,4,2,
751,delhi,2005,3,2,0,0,4,2,1,4,2,4,2,
752,Noida,2004,1,3,4,2,4,1,3,2,0,3,1,
753,Noida,1981,3,3,2,4,1,4,0,2,0,4,0,
754,Delhi,1976,2,0,4,2,2,4,4,3,0,3,4,
755,Ahmedabad,1998,3,3,0,0,2,1,0,0,3,2,3,
756,Kolkata,1980,1,2,3,1,0,4,4,2,4,0,1,
757,Jaipur,2002,1,3,1,4,1,3,0,4,4,4,2,
758,Jaipur,1975,0,2,3,2,0,4,3,0,3,3,1,
759,Ahmedabad,1984,4,1,3,3,3,4,4,0,1,2,4,
760,Gurugram,2001,3,0,0,1,4,4,2,0,3,4,2,
761,delhi,1980,0,3,4,2,0,3,0,2,0,1,3,
762,Bangalore,1992,4,2,2,3,4,4,0,0,3,2,3,
763,Chennai,1995,3,4,3,0,1,3,1,3,0,4,3,
764,Gurgaon,2003,2,0,4,3,3,1,4,0,2,2,0,
765,delhi,2003,3,1,2,2,1,0,2,4,0,0,2,
766,Hyderabad,1998,1,2,3,2,3,1,3,1,4,0,2,
767,Jaipur,1973,1,1,2,0,3,0,1,4,3,0,0,
768,Kolkata,1986,2,1,4,3,4,1,2,2,0,1,2,
769,Delhi,2004,0,3,1,3,1,0,4,0,1,0,0,
770,Noida,1982,4,3,4,0,1,0,2,0,2,1,1,
771,Jaipur,1984,3,2,0,3,0,2,0,3,1,0,4,
772,Delhi,1998,1,4,2,0,1,0,0,0,1,2,3,
773,Mumbai,1998,0,2,1,1,0,0,1,4,1,4,0,
774,delhi,1980,2,4,2,2,2,2,4,2,2,4,0,
775,Mumbai,2001,1,1,2,1,2,4,4,1,2,0,0,
776,Bangalore,1971,2,0,3,4,2,4,2,0,2,4,1,
777,Pune,1983,3,2,0,4,1,2,1,1,2,0,0,
778,Hyderabad,1989,4,2,2,4,1,3,4,0,1,0,4,
779,delhi,1991,1,4,4,0,0,0,0,2,4,3,4,
780,Gurugram,1980,1,1,4,3,3,0,2,4,4,3,3,
781,Bangalore,1996,3,1,3,1,0,2,3,2,2,3,1,
782,Gurgaon,1972,0,4,0,1,2,2,0,1,3,1,4,
783,Gurugram,1986,4,1,0,1,0,3,1,0,0,3,2,
784,Chennai,1997,1,3,4,1,3,4,4,1,3,0,2,
785,Kolkata,1998,4,0,1,4,1,1,0,4,3,2,2,
786,delhi,1990,1,2,3,1,0,4,3,2,3,3,0,
787,Gurgaon,1985,4,0,3,3,2,0,3,1,4,3,0,
788,Gurgaon,2006,2,2,4,4,2,2,1,1,0,2,2,
789,Bangalore,1989,1,3,4,1,1,3,0,4,3,0,3,
790,Ahmedabad,1975,4,1,1,0,0,4,2,0,2,1,3,
791,Pune,1988,0,4,1,2,3,3,0,1,4,3,0,
792,delhi,1974,2,3,0,2,1,4,3,4,2,2,2,
793,Ahmedabad,1972,2,0,3,2,0,0,1,0,2,0,3,
794,Bangalore,1970,0,4,3,4,4,1,1,0,3,4,0,
795,Chennai,2007,4,1,4,1,2,3,2,2,2,1,2,
796,Noida,1984,3,3,0,4,3,3,1,4,0,2,1,
797,Jaipur,2003,0,4,3,3,3,1,1,0,2,2,2,
798,Jaipur,2004,4,3,0,0,3,3,1,2,3,2,2,
799,Pune,1994,0,3,0,0,2,3,1,3,2,3,4,
800,Chennai,1993,0,1,4,2,0,4,1,4,4,4,4,
801,Gurgaon,1981,1,2,0,2,1,4,3,3,4,1,1,
802,Pune,1987,4,4,1,2,0,1,0,0,4,0,1,
803,delhi,1984,3,1,1,1,1,0,4,4,1,0,2,
804,delhi,1985,1,3,2,3,3,3,1,2,4,4,3,
805,Delhi,1996,0,1,4,3,0,0,4,0,4,2,1,
806,Ahmedabad,1977,0,2,2,3,3,1,4,4,1,2,2,
807,Gurgaon,1994,0,4,1,3,4,1,3,4,4,2,0,
808,Jaipur,1986,4,2,2,2,3,4,1,3,3,2,4,
809,Gurgaon,1998,4,0,4,0,3,3,4,0,4,2,3,
810,Ahmedabad,1977,1,4,4,2,1,2,1,2,4,4,2,
811,Hyderabad,1984,3,2,0,3,4,1,2,2,1,3,0,
812,delhi,1996,1,3,3,2,3,3,2,0,3,1,4,
813,Kolkata,1976,2,4,0,3,3,0,2,0,2,2,0,
814,Chennai,1972,0,4,4,4,4,4,4,1,0,3,2,
815,Gurugram,1998,0,1,1,0,4,0,2,3,3,0,1,
816,Pune,1993,0,3,1,4,0,1,3,0,2,4,4,
817,delhi,1972,1,0,0,1,1,1,3,0,3,3,0,
818,Ahmedabad,1989,1,2,4,2,4,0,4,1,2,2,1,
819,Gurgaon,1984,0,1,1,1,4,1,1,1,2,2,3,
820,Kolkata,1994,1,2,4,2,2,3,0,4,3,2,2,
821,Ahmedabad,1999,4,0,1,4,4,1,1,2,1,3,2,
822,Gurugram,1983,4,0,4,3,1,4,1,3,3,2,4,
823,Kolkata,1976,1,4,2,3,3,3,1,4,3,3,0,
824,Hyderabad,1986,0,0,4,2,3,2,1,0,2,2,3,
825,Gurugram,1989,1,2,4,3,3,1,0,1,0,0,4,
826,Bangalore,2005,1,3,0,4,3,1,2,2,2,0,4,
827,Mumbai,1978,1,3,2,3,2,4,1,4,4,1,0,
828,Bangalore,2007,2,4,3,4,4,4,3,2,3,2,3,
829,Jaipur,1991,4,2,0,1,3,0,4,1,3,2,0,
830,Ahmedabad,1971,3,2,3,4,0,0,4,4,1,3,2,
831,delhi,1993,3,0,1,0,3,0,3,4,2,3,1,
832,delhi,1977,2,2,3,0,4,4,1,2,1,2,2,
833,delhi,1980,1,1,4,0,3,0,0,1,3,1,2,
834,Mumbai,1982,2,0,3,2,2,0,2,0,2,2,4,
835,Bangalore,1986,2,1,0,2,1,2,4,4,2,3,2,
836,Mumbai,1977,0,4,0,2,1,0,2,0,4,2,3,
837,Noida,1990,4,3,3,4,4,1,0,1,4,3,2,
838,Ahmedabad,1987,3,4,0,2,1,4,4,4,0,2,3,
839,Mumbai,1999,1,3,0,1,1,3,2,4,4,4,0,
840,Gurgaon,1987,3,4,3,0,0,2,0,0,2,3,4,
841,Pune,2000,3,2,2,4,4,4,2,3,4,1,3,
842,Pune,2007,4,1,2,0,4,4,1,0,0,4,2,
843,Gurgaon,2001,3,3,1,2,1,1,0,0,3,2,4,
844,Kolkata,1980,3,0,0,4,1,0,2,3,4,3,4,
845,Delhi,1994,2,1,3,3,1,1,1,1,2,4,3,
846,Kolkata,2002,4,0,0,1,2,0,1,1,3,1,3,
847,Gurugram,2007,0,1,4,2,3,0,0,4,2,3,1,
848,Gurgaon,1977,1,1,0,2,2,4,3,2,3,4,1,
849,Gurugram,1980,3,4,0,1,4,0,4,2,2,4,4,
850,Mumbai,1991,1,3,2,1,0,2,0,4,4,4,1,
851,Bangalore,1993,0,3,3,3,3,2,1,2,4,0,2,
852,Bangalore,1986,1,1,0,2,0,2,1,0,0,2,0,
853,Pune,1981,0,2,2,2,4,4,0,0,3,3,4,
854,Chennai,2001,2,2,1,0,4,1,3,3,0,3,0,
855,Kolkata,1984,3,0,2,4,0,3,4,3,1,3,1,
856,Noida,1985,0,0,2,4,0,0,2,4,4,4,3,
857,Ahmedabad,1991,1,4,2,0,0,3,0,4,3,2,4,
858,Jaipur,1997,3,1,0,4,4,1,4,4,0,1,1,
859,Hyderabad,1989,2,0,0,1,1,1,4,0,0,3,2,
860,Bangalore,2002,3,0,1,4,0,4,1,2,1,2,4,
861,Ahmedabad,1979,0,1,4,4,3,2,2,4,0,2,4,
862,Hyderabad,2001,2,4,4,0,4,2,0,4,2,0,3,
863,Ahmedabad,2002,1,0,4,3,2,1,1,0,4,3,4,
864,Mumbai,1971,2,4,1,4,2,4,1,0,0,4,3,
865,Hyderabad,2002,2,3,4,4,3,4,3,0,0,2,1,
866,Jaipur,2002,4,4,4,3,1,0,4,2,1,2,2,
867,Ahmedabad,1982,2,2,2,0,0,2,0,4,2,1,2,
868,Gurgaon,1999,2,2,0,3,4,1,0,1,0,0,4,
869,Jaipur,2002,3,4,0,0,0,3,0,1,4,2,4,
870,Hyderabad,1982,1,2,2,1,4,2,1,4,4,2,1,
871,Jaipur,1995,3,3,2,0,2,0,3,4,0,4,3,
872,Ahmedabad,1991,3,1,2,1,0,4,2,4,2,4,2,
873,Delhi,1971,0,2,0,1,3,1,1,4,4,1,3,
874,Ahmedabad,2007,3,2,4,0,1,2,2,2,4,1,1,
875,Ahmedabad,1995,4,4,2,2,3,3,3,1,2,1,2,
876,Mumbai,1984,4,3,1,0,1,0,4,3,2,4,2,
877,Kolkata,2003,0,1,2,4,0,0,0,1,0,4,0,
878,Gurgaon,1980,1,4,3,4,0,2,2,1,3,0,1,
879,Noida,1972,1,4,2,2,1,3,1,0,1,3,1,
880,Bangalore,1975,3,3,0,1,2,0,2,4,3,3,0,
881,Gurugram,1978,3,1,2,2,4,1,4,4,3,0,3,
882,Kolkata,1975,3,3,3,4,3,0,0,4,4,3,0,
883,Gurugram,1978,1,1,1,2,3,3,2,0,2,4,1,
884,Mumbai,2000,2,3,4,0,3,4,4,2,4,3,3,
885,Gurgaon,2001,4,4,2,2,0,4,1,2,1,4,2,
886,delhi,1981,2,4,3,1,3,2,3,3,0,0,0,
887,Ahmedabad,1977,2,0,3,0,4,3,1,2,1,1,3,
888,delhi,1977,1,2,1,3,4,0,0,2,4,0,3,
889,delhi,1997,2,3,0,4,1,0,1,4,4,3,3,
890,Gurgaon,1989,0,0,2,4,0,4,1,1,4,4,0,
891,Pune,1976,3,2,3,2,4,4,1,2,4,3,2,
892,delhi,1980,0,3,1,0,2,1,1,2,3,3,3,
893,Bangalore,1989,4,1,4,3,0,4,0,0,0,1,0,
894,Delhi,1985,3,2,3,0,0,1,4,3,3,3,1,
895,Pune,1973,2,4,1,4,4,0,2,0,4,1,0,
896,Mumbai,1975,4,0,0,0,2,1,3,4,2,4,0,
897,Kolkata,1991,3,2,0,3,1,1,2,1,3,4,0,
898,Delhi,1995,2,2,3,2,4,2,2,3,4,1,3,
899,Jaipur,1972,0,4,3,1,2,4,3,0,4,0,0,
900,Hyderabad,1983,3,3,2,0,0,1,0,2,0,4,1,
901,Gurgaon,1980,2,1,1,1,2,0,3,2,1,0,3,
902,Delhi,1987,0,4,3,4,0,3,0,3,3,4,1,
903,Noida,1981,4,1,2,2,4,1,2,2,3,4,4,
904,delhi,1992,4,3,2,2,4,4,0,0,3,2,0,
905,Mumbai,1981,4,2,3,0,3,2,4,0,4,3,3,
906,Chennai,1982,4,1,0,2,3,0,3,2,0,3,3,
907,Hyderabad,1994,1,0,1,0,3,2,4,2,4,0,0,
908,Gurugram,1988,3,0,1,0,4,3,2,4,4,3,2,
909,Bangalore,2005,3,4,0,1,1,1,3,1,2,0,2,
910,Gurugram,1977,1,3,3,2,4,1,2,3,0,4,1,
911,Delhi,1998,2,4,1,0,2,4,4,0,3,2,0,
912,Gurugram,2001,2,4,3,1,4,1,2,3,1,2,0,
913,Noida,1987,4,4,3,3,4,0,3,4,3,4,4,
914,Mumbai,1975,0,0,2,1,0,3,3,0,4,1,2,
915,Jaipur,1987,2,0,0,1,0,2,2,4,0,1,2,
916,Kolkata,1988,0,4,3,0,0,3,3,4,0,3,0,
917,Bangalore,1991,3,0,4,4,4,1,3,2,0,0,1,
918,Noida,2006,0,3,0,4,1,2,2,3,2,2,0,
919,Noida,2001,3,4,1,4,2,4,4,3,3,3,1,
920,Gurugram,1972,1,0,2,1,2,3,3,2,2,4,2,
921,delhi,1997,1,1,1,0,1,2,3,3,1,2,4,
922,Gurugram,1979,4,4,1,2,1,2,3,2,4,0,3,
923,Delhi,2004,2,4,0,1,2,2,3,0,2,0,2,
924,Kolkata,1998,4,3,1,1,3,0,2,4,2,1,1,
925,Pune,1984,3,2,3,0,0,3,4,4,4,3,0,
926,Gurugram,2002,4,2,1,3,0,2,4,3,0,4,2,
927,Mumbai,1976,0,3,2,1,2,3,0,1,4,2,4,
928,Chennai,1981,3,3,2,3,1,2,3,4,3,0,1,
929,Bangalore,1999,1,3,4,3,3,4,3,2,4,2,0,
930,Ahmedabad,1990,2,2,2,4,2,4,0,1,0,4,3,
931,Gurugram,2000,3,3,1,0,0,4,4,1,4,2,1,
932,Mumbai,1993,3,0,2,3,4,1,1,4,2,3,0,
933,Mumbai,1989,0,4,0,0,1,2,1,4,1,1,3,
934,Bangalore,2006,2,4,2,4,4,1,4,4,2,2,0,
935,Pune,1973,1,1,3,0,2,3,3,2,1,1,3,
936,Mumbai,1997,3,1,0,1,0,1,1,1,4,4,3,
937,Chennai,1989,3,4,4,3,3,3,2,3,3,1,3,
938,Mumbai,1993,0,0,3,0,4,3,2,2,4,2,0,
939,Mumbai,2001,4,2,1,2,3,3,0,0,0,2,3,
940,Mumbai,2005,1,2,1,0,0,1,4,4,4,0,1,
941,Jaipur,2003,2,0,1,3,4,2,4,1,1,2,4,
942,Jaipur,2005,3,2,3,4,3,1,1,2,2,1,4,
943,Pune,1971,3,3,3,4,3,2,3,0,3,0,3,
944,Gurugram,1984,1,4,3,3,4,2,4,2,4,2,4,
945,Mumbai,2003,4,4,0,1,0,3,1,2,4,2,4,
946,Gurgaon,2005,3,0,0,1,3,1,1,3,2,4,3,
947,Kolkata,1975,1,2,1,4,2,2,4,3,3,0,3,
948,Gurgaon,1981,0,1,2,4,4,4,1,2,4,4,1,
949,Gurugram,1972,4,1,1,3,1,2,0,0,4,4,2,
950,Pune,1987,2,2,4,1,1,4,0,1,1,4,0,
951,delhi,1990,3,1,0,4,0,1,4,1,1,3,3,
952,delhi,1984,1,0,3,1,2,1,3,4,0,4,3,
953,Gurgaon,2002,0,0,0,4,3,1,0,4,2,1,4,
954,Gurgaon,2004,2,2,3,0,1,2,0,1,3,2,1,
955,Gurugram,1995,1,1,4,2,0,0,4,2,4,3,4,
956,Gurugram,1977,1,0,4,0,2,2,2,2,4,4,3,
957,Hyderabad,2005,2,0,0,4,2,2,1,3,0,2,3,
958,Delhi,1999,0,3,3,2,0,3,0,3,4,0,4,
959,Ahmedabad,1992,0,3,4,2,0,3,2,4,2,0,3,
960,Hyderabad,1983,4,0,1,4,3,2,3,1,0,2,2,
961,Chennai,1983,3,2,1,4,0,4,2,2,2,1,0,
962,Jaipur,1971,2,4,3,1,3,3,4,1,0,2,0,
963,Jaipur,2006,2,4,0,4,3,2,3,0,4,2,0,
964,Delhi,1974,2,0,4,3,4,0,3,1,0,3,2,
965,Bangalore,2007,0,0,0,4,2,4,2,0,1,0,3,
966,Bangalore,1983,3,0,1,3,2,1,4,3,3,0,4,
967,Pune,1994,4,2,4,4,2,2,0,3,4,4,1,
968,Noida,1989,1,3,0,1,4,2,2,4,3,2,3,
969,Delhi,1971,1,0,2,3,3,4,0,1,4,2,2,
970,Ahmedabad,1975,2,0,3,0,3,3,2,1,3,1,2,
971,Gurugram,1986,3,1,3,3,0,3,0,0,1,0,0,
972,Bangalore,1994,0,2,2,1,4,3,2,3,3,1,3,
973,Ahmedabad,1997,3,0,1,3,0,1,3,0,0,3,0,
974,Mumbai,1971,3,1,4,4,4,4,1,3,3,4,1,
975,Gurgaon,2004,0,4,3,4,0,4,3,0,4,1,0,
976,Gurgaon,2006,2,0,2,1,1,3,0,3,2,0,1,
977,Noida,1974,3,0,2,2,2,3,4,0,3,3,2,
978,Kolkata,1970,1,1,1,4,2,0,3,3,3,2,0,
979,Gurugram,1981,0,2,1,0,3,0,1,0,3,3,0,
980,Chennai,2005,4,0,0,1,1,2,0,1,4,1,4,
981,Mumbai,1992,2,4,3,3,2,2,3,4,3,0,2,
982,Mumbai,2000,0,0,0,3,3,4,2,0,4,1,4,
983,Gurgaon,1980,4,4,2,0,1,4,4,4,4,2,1,
984,Delhi,1979,4,3,4,4,2,1,0,1,2,2,1,
985,Noida,1972,3,3,4,1,0,1,3,1,0,0,2,
986,Pune,1983,3,4,1,0,4,0,0,3,4,4,1,
987,Chennai,1985,3,2,4,4,1,2,2,4,1,3,2,
988,Bangalore,1979,0,0,4,1,3,0,1,2,3,3,1,
989,Ahmedabad,1998,0,0,4,3,1,0,3,3,1,2,3,
990,Delhi,1979,2,3,2,1,3,2,0,4,3,1,0,
991,Bangalore,1981,3,4,4,2,1,1,0,0,2,1,3,
992,Delhi,1999,4,0,4,1,3,2,0,0,4,4,2,
993,Delhi,1970,1,0,4,2,2,3,1,1,0,1,2,
994,Delhi,1974,2,2,0,1,0,3,0,2,4,3,3,
995,Gurgaon,1989,0,1,2,2,2,3,4,0,3,1,0,
996,Noida,1977,2,3,1,3,0,4,4,4,0,4,0,
997,Pune,1981,2,3,0,4,2,1,0,4,4,3,4,
998,Delhi,1970,2,1,3,2,2,1,4,0,0,1,1,
999,Gurgaon,1989,2,0,2,2,1,4,3,4,3,3,4,
1000,Kolkata,1997,1,2,2,3,4,0,4,4,2,2,0,
1001,Bangalore,2006,3,2,3,2,3,3,0,1,2,2,3,
1002,Gurugram,2006,4,3,3,0,3,3,2,2,4,2,1,
1003,Hyderabad,1981,2,2,3,3,3,0,3,1,1,1,3,
1004,Ahmedabad,2006,2,1,1,0,0,2,1,2,3,4,4,
1005,Gurgaon,1997,2,0,4,3,3,2,0,4,4,3,2,
1006,Chennai,1984,3,1,2,2,3,1,1,2,4,0,3,
1007,Jaipur,1975,0,4,4,0,1,4,2,4,2,2,4,
